{
  "metadata": {
    "created": "2025-07-11T11:33:27.725161",
    "version": "1.0",
    "title": "AGI-OS Complete System Specification",
    "description": "Comprehensive specification for Advanced General Intelligence Operating System",
    "technical_foundation": "Based on extensive research in ternary computing, AI integration, symbolic computing, and modern OS architecture"
  },
  "executive_summary": {
    "project_overview": "AGI-OS is an advanced symbolic operating system featuring 5-layer architecture, ternary logic processing, AI integration, and natural language interfaces",
    "key_innovations": [
      "Ternary logic processing for enhanced computational efficiency",
      "5-layer modular architecture (DARK, HALO, DOM(0), HAVEN, XSPELL)",
      "Symbolic file system with intelligent organization",
      "AI-assisted applications and system management",
      "Natural language terminal interface (XSPELL)",
      "Guardian protocol for truth validation and security"
    ],
    "target_applications": [
      "Advanced AI research and development",
      "Symbolic computing and logic processing",
      "Human-AI collaborative environments",
      "Next-generation computing platforms"
    ]
  },
  "architecture_overview": {
    "layer_architecture": {
      "DARK": {
        "name": "Deep Architecture Runtime Kernel",
        "level": 0,
        "purpose": "Low-level boot/kernel with ternary logic processing",
        "key_components": [
          "Ternary kernel",
          "Entropy engine",
          "Symbolic execution engine"
        ]
      },
      "HALO": {
        "name": "Hierarchical Admin Logic Operations",
        "level": 1,
        "purpose": "Administrative services with AI-assisted management",
        "key_components": [
          "Guardian protocol",
          "Admin cortex",
          "Service orchestrator"
        ]
      },
      "DOM0": {
        "name": "Default Operations Management Zero",
        "level": 2,
        "purpose": "User-level applications and AI agents",
        "key_components": [
          "Application manager",
          "Agent coordinator",
          "UI renderer"
        ]
      },
      "HAVEN": {
        "name": "Hybrid AI Virtual Environment Network",
        "level": 3,
        "purpose": "AI-human hybrid memory and long-term storage",
        "key_components": [
          "Helix cortex",
          "Hippocampus storage",
          "Memory evolution engine"
        ]
      },
      "XSPELL": {
        "name": "eXtended Symbolic Processing Enhanced Language Layer",
        "level": 4,
        "purpose": "Universal natural language terminal interface",
        "key_components": [
          "NLP interpreter",
          "Multi-shell translator",
          "Neural swarm coordinator"
        ]
      }
    },
    "communication_protocol": "Ternary Symbolic Message Passing (TSMP)",
    "security_model": "Layered security with Guardian protocol validation"
  },
  "core_technologies": {
    "ternary_computing": {
      "description": "Three-state logic processing (0, 1, 2) for enhanced efficiency",
      "advantages": [
        "More compact data representation",
        "Reduced interconnect complexity",
        "Enhanced computational density",
        "Natural uncertainty representation"
      ],
      "implementation": "Custom ternary ALU with CMOS or CNTFET technology"
    },
    "symbolic_computing": {
      "description": "Symbolic logic processing and file system integration",
      "file_types": [
        ".guard",
        ".sigil",
        ".spell",
        ".meta",
        ".syn"
      ],
      "capabilities": [
        "Symbolic reasoning and deduction",
        "Cross-layer symbolic references",
        "Intelligent file organization",
        "AI-assisted symbolic processing"
      ]
    },
    "ai_integration": {
      "description": "Comprehensive AI integration across all system layers",
      "components": [
        "Central AI orchestrator",
        "Guardian protocol validator",
        "Helix cortex memory system",
        "Neural swarm execution backend"
      ],
      "capabilities": [
        "Adaptive learning and optimization",
        "Natural language processing",
        "Computer vision integration",
        "Predictive system management"
      ]
    }
  },
  "software_stack": {
    "base_applications": {
      "creative_tools": [
        "darkpaint.app - AI-assisted symbolic drawing",
        "psiword.exe - AI co-writer word processor"
      ],
      "productivity_tools": [
        "chronopulse.app - Anticipatory AI scheduler",
        "spellfile.app - Semantic file explorer"
      ],
      "system_tools": [
        "glassmind.app - Visual interpreter & webcam",
        "helixlab.app - Logic evolution visualization",
        "guardian_audit.app - Truth protocol monitor"
      ],
      "development_tools": [
        "personaforge.app - Agent persona creator",
        "daemonstudio.app - Custom bot process manager"
      ]
    },
    "system_services": {
      "security": "Guardian protocol validation and monitoring",
      "memory": "Helix cortex memory evolution and storage",
      "communication": "Inter-layer message passing and coordination",
      "ai_processing": "Distributed AI processing and optimization"
    }
  },
  "user_experience": {
    "onboarding_system": {
      "process": "7-step guided onboarding with persona selection",
      "personas": [
        "PhiX (Analytical)",
        "Nova (Creative)",
        "ARIEL (Research)"
      ],
      "customization": "Username, sigil creation, and preference configuration"
    },
    "natural_language_interface": {
      "xspell_terminal": "Universal natural language command interface",
      "capabilities": [
        "Multi-shell compatibility (CMD, PowerShell, Bash, Zsh)",
        "Package management (.deb, .exe, .apk)",
        "Emotion analysis and adaptive responses",
        "Symbolic .spell script execution"
      ]
    },
    "ai_assistance": {
      "application_integration": "AI assistance in all base applications",
      "adaptive_learning": "System learns and adapts to user preferences",
      "context_awareness": "AI maintains context across sessions and applications"
    }
  },
  "technical_specifications": {
    "system_requirements": {
      "minimum": {
        "cpu": "Ternary logic capable or emulation layer",
        "memory": "4GB RAM",
        "storage": "50GB available space",
        "network": "Internet for AI model updates"
      },
      "recommended": {
        "cpu": "Native ternary processing unit",
        "memory": "16GB RAM",
        "storage": "SSD with 100GB+",
        "ai_acceleration": "Dedicated AI processing hardware"
      }
    },
    "performance_targets": {
      "boot_time": "< 30 seconds full system initialization",
      "response_time": "< 2 seconds for standard commands",
      "throughput": "100+ concurrent user sessions",
      "ai_processing": "Real-time AI assistance and processing"
    }
  },
  "implementation_roadmap": {
    "phase_1": {
      "name": "Core System Development",
      "deliverables": [
        "DARK layer ternary kernel implementation",
        "HALO layer Guardian protocol system",
        "Basic symbolic file system"
      ]
    },
    "phase_2": {
      "name": "Application Layer Development",
      "deliverables": [
        "DOM(0) layer application framework",
        "Base application suite implementation",
        "User interface and interaction systems"
      ]
    },
    "phase_3": {
      "name": "AI Integration and Memory Systems",
      "deliverables": [
        "HAVEN layer memory and AI systems",
        "Helix cortex implementation",
        "AI learning and adaptation systems"
      ]
    },
    "phase_4": {
      "name": "Natural Language Interface",
      "deliverables": [
        "XSPELL terminal implementation",
        "Multi-shell compatibility",
        "Neural swarm execution backend"
      ]
    },
    "phase_5": {
      "name": "Integration and Optimization",
      "deliverables": [
        "Full system integration testing",
        "Performance optimization",
        "User onboarding system",
        "Documentation and deployment"
      ]
    }
  },
  "specification_files": {
    "architecture": [
      "architecture_specification.json - 5-layer architecture definition",
      "ternary_directory_structure.json - Ternary logic file system",
      "symbolic_file_types.json - Symbolic file type specifications",
      "system_integration.json - Comprehensive system integration"
    ],
    "ai_systems": [
      "ai_symbolic_integration.json - AI and symbolic logic integration",
      "xspell_terminal_system.json - Natural language terminal system"
    ],
    "applications": [
      "base_software_stack.json - Core application specifications",
      "onboarding_system.json - User onboarding system"
    ],
    "templates": [
      "symbolic_file_templates.json - File format templates and structures"
    ]
  },
  "next_steps": {
    "immediate": [
      "Review and validate all specifications",
      "Begin prototype development of core components",
      "Establish development team and resources"
    ],
    "short_term": [
      "Implement DARK layer ternary kernel prototype",
      "Develop Guardian protocol validation system",
      "Create basic symbolic file system"
    ],
    "long_term": [
      "Full system implementation and testing",
      "User acceptance testing and feedback integration",
      "Production deployment and maintenance"
    ]
  }
}