{
  "manifest_version": "1.0",
  "created": "2025-07-11T11:43:52.526485",
  "description": "Complete manifest of AGI-OS directory structure and files",
  "structure": {
    "sys/": {
      "boot/": {
        "config/": {},
        "init/": {}
      },
      "dark/": {
        "entropy/": {
          "entropy_engine.py": {
            "type": "file",
            "size": 338,
            "permissions": "644",
            "extension": ".py"
          }
        },
        "kernel/": {
          "core.sigil": {
            "type": "file",
            "size": 543,
            "permissions": "644",
            "extension": ".sigil"
          },
          "security.guard": {
            "type": "file",
            "size": 927,
            "permissions": "644",
            "extension": ".guard"
          },
          "ternary_kernel.py": {
            "type": "file",
            "size": 993,
            "permissions": "644",
            "extension": ".py"
          }
        },
        "symbolic/": {}
      },
      "halo/": {
        "admin/": {},
        "apps/": {
          "daemonstudio.app": {
            "type": "file",
            "size": 128,
            "permissions": "755",
            "extension": ".app"
          },
          "daemonstudio.app.meta": {
            "type": "file",
            "size": 1201,
            "permissions": "644",
            "extension": ".meta"
          },
          "guardian_audit.app": {
            "type": "file",
            "size": 128,
            "permissions": "755",
            "extension": ".app"
          },
          "guardian_audit.app.meta": {
            "type": "file",
            "size": 1189,
            "permissions": "644",
            "extension": ".meta"
          }
        },
        "guardian/": {
          "identity.sigil": {
            "type": "file",
            "size": 543,
            "permissions": "644",
            "extension": ".sigil"
          },
          "protocol.guard": {
            "type": "file",
            "size": 927,
            "permissions": "644",
            "extension": ".guard"
          },
          "protocol.py": {
            "type": "file",
            "size": 442,
            "permissions": "644",
            "extension": ".py"
          }
        },
        "services/": {}
      },
      "kernel/": {
        "boot/": {},
        "core/": {},
        "drivers/": {}
      },
      "sync.syn": {
        "type": "file",
        "size": 937,
        "permissions": "644",
        "extension": ".syn"
      },
      "system.meta": {
        "type": "file",
        "size": 1058,
        "permissions": "644",
        "extension": ".meta"
      }
    },
    "usr/": {
      "agents/": {
        "custom/": {},
        "personas/": {},
        "system/": {}
      },
      "apps/": {
        "creative/": {},
        "development/": {},
        "productivity/": {},
        "system/": {}
      },
      "dom0/": {
        "agents/": {},
        "apps/": {
          "ai_agent_tools/": {
            "personaforge.app": {
              "type": "file",
              "size": 123,
              "permissions": "755",
              "extension": ".app"
            },
            "personaforge.app.meta": {
              "type": "file",
              "size": 1164,
              "permissions": "644",
              "extension": ".meta"
            }
          },
          "ai_scheduling_tools/": {
            "chronopulse.app": {
              "type": "file",
              "size": 125,
              "permissions": "755",
              "extension": ".app"
            },
            "chronopulse.app.meta": {
              "type": "file",
              "size": 1192,
              "permissions": "644",
              "extension": ".meta"
            }
          },
          "computer_vision_ai_tools/": {
            "glassmind.app": {
              "type": "file",
              "size": 123,
              "permissions": "755",
              "extension": ".app"
            },
            "glassmind.app.meta": {
              "type": "file",
              "size": 1164,
              "permissions": "644",
              "extension": ".meta"
            }
          },
          "creative_ai_tools/": {
            "darkpaint.app": {
              "type": "file",
              "size": 132,
              "permissions": "755",
              "extension": ".app"
            },
            "darkpaint.app.meta": {
              "type": "file",
              "size": 1188,
              "permissions": "644",
              "extension": ".meta"
            }
          },
          "file_management_ai_tools/": {
            "spellfile.app": {
              "type": "file",
              "size": 118,
              "permissions": "755",
              "extension": ".app"
            },
            "spellfile.app.meta": {
              "type": "file",
              "size": 1133,
              "permissions": "644",
              "extension": ".meta"
            }
          },
          "launch.spell": {
            "type": "file",
            "size": 1067,
            "permissions": "644",
            "extension": ".spell"
          },
          "productivity_ai_tools/": {
            "psiword.exe": {
              "type": "file",
              "size": 119,
              "permissions": "755",
              "extension": ".exe"
            },
            "psiword.exe.meta": {
              "type": "file",
              "size": 1128,
              "permissions": "644",
              "extension": ".meta"
            }
          }
        },
        "config.meta": {
          "type": "file",
          "size": 1058,
          "permissions": "644",
          "extension": ".meta"
        },
        "system.sigil": {
          "type": "file",
          "size": 543,
          "permissions": "644",
          "extension": ".sigil"
        },
        "ui/": {}
      },
      "local/": {
        "bin/": {},
        "lib/": {},
        "share/": {}
      }
    },
    "var/": {
      "cache/": {
        "ai/": {},
        "system/": {},
        "user/": {}
      },
      "haven/": {
        "@newuser/": {
          "onboarding.state": {
            "type": "file",
            "size": 409,
            "permissions": "644",
            "extension": ".state"
          },
          "personas.json": {
            "type": "file",
            "size": 1514,
            "permissions": "644",
            "extension": ".json"
          },
          "temp_profile.meta": {
            "type": "file",
            "size": 331,
            "permissions": "644",
            "extension": ".meta"
          }
        },
        "apps/": {
          "helixlab.app": {
            "type": "file",
            "size": 128,
            "permissions": "755",
            "extension": ".app"
          },
          "helixlab.app.meta": {
            "type": "file",
            "size": 1185,
            "permissions": "644",
            "extension": ".meta"
          }
        },
        "helix/": {
          "cortex.py": {
            "type": "file",
            "size": 480,
            "permissions": "644",
            "extension": ".py"
          }
        },
        "hippocampus/": {
          "storage.py": {
            "type": "file",
            "size": 315,
            "permissions": "644",
            "extension": ".py"
          }
        },
        "memory/": {
          "sync.syn": {
            "type": "file",
            "size": 937,
            "permissions": "644",
            "extension": ".syn"
          },
          "system.meta": {
            "type": "file",
            "size": 1058,
            "permissions": "644",
            "extension": ".meta"
          }
        },
        "system.sigil": {
          "type": "file",
          "size": 543,
          "permissions": "644",
          "extension": ".sigil"
        }
      },
      "log/": {
        "ai/": {},
        "security/": {},
        "system/": {}
      },
      "memory/": {
        "evolution/": {},
        "learning/": {},
        "patterns/": {}
      }
    },
    "bin/": {
      "core/": {
        "ai/": {},
        "symbolic/": {},
        "sync.syn": {
          "type": "file",
          "size": 937,
          "permissions": "644",
          "extension": ".syn"
        },
        "ternary/": {}
      },
      "symbolic/": {
        "logic/": {},
        "scripts/": {
          "startup.spell": {
            "type": "file",
            "size": 1067,
            "permissions": "644",
            "extension": ".spell"
          }
        },
        "validation/": {}
      },
      "utils/": {
        "file/": {},
        "network/": {},
        "system/": {}
      },
      "xspell/": {
        "emotion/": {
          "spectrogram.py": {
            "type": "file",
            "size": 445,
            "permissions": "644",
            "extension": ".py"
          }
        },
        "init.spell": {
          "type": "file",
          "size": 1067,
          "permissions": "644",
          "extension": ".spell"
        },
        "neural/": {
          "swarm_coordinator.py": {
            "type": "file",
            "size": 343,
            "permissions": "644",
            "extension": ".py"
          }
        },
        "nlp/": {
          "interpreter.py": {
            "type": "file",
            "size": 416,
            "permissions": "644",
            "extension": ".py"
          }
        },
        "parsers/": {
          "apk_handler.py": {
            "type": "file",
            "size": 102,
            "permissions": "644",
            "extension": ".py"
          },
          "bash_parser.py": {
            "type": "file",
            "size": 73,
            "permissions": "644",
            "extension": ".py"
          },
          "cmd_parser.py": {
            "type": "file",
            "size": 78,
            "permissions": "644",
            "extension": ".py"
          },
          "deb_handler.py": {
            "type": "file",
            "size": 99,
            "permissions": "644",
            "extension": ".py"
          },
          "exe_handler.py": {
            "type": "file",
            "size": 109,
            "permissions": "644",
            "extension": ".py"
          },
          "powershell_parser.py": {
            "type": "file",
            "size": 85,
            "permissions": "644",
            "extension": ".py"
          },
          "zsh_parser.py": {
            "type": "file",
            "size": 71,
            "permissions": "644",
            "extension": ".py"
          }
        },
        "security.guard": {
          "type": "file",
          "size": 927,
          "permissions": "644",
          "extension": ".guard"
        }
      }
    },
    "etc/": {
      "ai/": {
        "config/": {
          "core.conf": {
            "type": "file",
            "size": 1154,
            "permissions": "644",
            "extension": ".conf"
          }
        },
        "learning/": {},
        "models/": {}
      },
      "security/": {
        "guardian/": {
          "main.guard": {
            "type": "file",
            "size": 927,
            "permissions": "644",
            "extension": ".guard"
          }
        },
        "keys/": {
          "system.key": {
            "type": "file",
            "size": 96,
            "permissions": "644",
            "extension": ".key"
          },
          "system.key.meta": {
            "type": "file",
            "size": 376,
            "permissions": "644",
            "extension": ".meta"
          },
          "system.psi": {
            "type": "file",
            "size": 96,
            "permissions": "644",
            "extension": ".psi"
          },
          "system.psi.meta": {
            "type": "file",
            "size": 367,
            "permissions": "644",
            "extension": ".meta"
          }
        },
        "policies/": {
          "main.conf": {
            "type": "file",
            "size": 1154,
            "permissions": "644",
            "extension": ".conf"
          }
        }
      },
      "symbolic/": {
        "mappings/": {},
        "types/": {},
        "validation/": {}
      },
      "ternary/": {
        "algorithms/": {},
        "config/": {
          "system.conf": {
            "type": "file",
            "size": 1154,
            "permissions": "644",
            "extension": ".conf"
          }
        },
        "config.meta": {
          "type": "file",
          "size": 1058,
          "permissions": "644",
          "extension": ".meta"
        },
        "logic/": {}
      }
    }
  }
}