{
  "metadata": {
    "created": "2025-07-11T11:33:27.728169",
    "total_files": 10,
    "description": "Summary of all AGI-OS specification files created"
  },
  "specification_files": [
    "project/structure/AGI_OS_Complete_Specification.json",
    "project/structure/layer_definitions/architecture_specification.json",
    "project/structure/layer_definitions/ternary_directory_structure.json",
    "project/structure/layer_definitions/symbolic_file_types.json",
    "project/structure/layer_definitions/ai_symbolic_integration.json",
    "project/structure/layer_definitions/xspell_terminal_system.json",
    "project/structure/layer_definitions/system_integration.json",
    "project/structure/file_templates/symbolic_file_templates.json",
    "project/structure/app_specifications/base_software_stack.json",
    "project/structure/app_specifications/onboarding_system.json"
  ],
  "file_descriptions": {
    "layer_definitions/architecture_specification.json": "5-layer system architecture with technical specifications",
    "layer_definitions/ternary_directory_structure.json": "Ternary logic file system organization",
    "layer_definitions/symbolic_file_types.json": "Complete symbolic file type definitions",
    "layer_definitions/ai_symbolic_integration.json": "AI system integration specifications",
    "layer_definitions/xspell_terminal_system.json": "Natural language terminal system",
    "layer_definitions/system_integration.json": "Comprehensive system integration",
    "app_specifications/base_software_stack.json": "Core application suite specifications",
    "app_specifications/onboarding_system.json": "User onboarding system design",
    "file_templates/symbolic_file_templates.json": "File format templates and structures",
    "AGI_OS_Complete_Specification.json": "Master specification document"
  },
  "completion_status": "All required AGI-OS specifications completed successfully"
}