{
  "metadata": {
    "created": "2025-07-11T11:43:52.523145",
    "version": "1.0",
    "title": "AGI-OS Step 2 Completion Summary",
    "description": "Complete directory structure and file system generation for AGI-OS",
    "status": "COMPLETED"
  },
  "task_completion": {
    "step_2_objective": "Generate the complete AGI-OS directory structure with all placeholder files, symbolic scaffolds, and create the shell script for building the actual file system",
    "completion_status": "100% Complete",
    "deliverables_created": [
      "Complete AGI-OS Directory Tree Structure",
      "All Placeholder Files with Content",
      "Base Software Applications",
      "New-User Onboarding System",
      "AI Symbolic Logic System Files",
      "XSPELL Terminal System Files",
      "Executable Shell Script"
    ]
  },
  "generated_structure": {
    "5_layer_architecture": {
      "DARK": {
        "path": "/sys/dark/",
        "purpose": "Deep Architecture Runtime Kernel",
        "components": [
          "ternary kernel",
          "entropy engine",
          "symbolic execution"
        ]
      },
      "HALO": {
        "path": "/sys/halo/",
        "purpose": "Hierarchical Admin Logic Operations",
        "components": [
          "guardian protocol",
          "admin services",
          "security monitoring"
        ]
      },
      "DOM0": {
        "path": "/usr/dom0/",
        "purpose": "Default Operations Management Zero",
        "components": [
          "application manager",
          "UI renderer",
          "agent coordinator"
        ]
      },
      "HAVEN": {
        "path": "/var/haven/",
        "purpose": "Hybrid AI Virtual Environment Network",
        "components": [
          "helix cortex",
          "hippocampus storage",
          "memory evolution"
        ]
      },
      "XSPELL": {
        "path": "/bin/xspell/",
        "purpose": "eXtended Symbolic Processing Enhanced Language Layer",
        "components": [
          "NLP interpreter",
          "multi-shell translator",
          "neural swarm"
        ]
      }
    },
    "file_statistics": {
      "guard_files": 4,
      "sigil_files": 4,
      "spell_files": 3,
      "meta_files": 16,
      "syn_files": 3,
      "conf_files": 3,
      "py_files": 15,
      "app_files": 8,
      "exe_files": 1,
      "key_files": 1,
      "psi_files": 1,
      "directories": 96
    },
    "symbolic_file_types": {
      ".guard": "Guardian protocol validation files",
      ".sigil": "Symbolic identifiers and markers",
      ".spell": "Executable symbolic scripts",
      ".meta": "System metadata files",
      ".syn": "Synchronization logic files",
      ".conf": "Configuration files",
      ".py": "Python logic processing files",
      ".app": "Application executables",
      ".exe": "System executables",
      ".key": "Cryptographic key files",
      ".psi": "Immutable identity files"
    }
  },
  "base_applications": {
    "creative_tools": [
      "darkpaint.app - AI-assisted symbolic drawing",
      "psiword.exe - AI co-writer word processor"
    ],
    "productivity_tools": [
      "chronopulse.app - Anticipatory AI scheduler",
      "spellfile.app - Semantic file explorer"
    ],
    "system_tools": [
      "glassmind.app - Visual interpreter & webcam",
      "helixlab.app - Logic evolution visualization",
      "guardian_audit.app - Truth protocol monitor"
    ],
    "development_tools": [
      "personaforge.app - Agent persona creator",
      "daemonstudio.app - Custom bot process manager"
    ]
  },
  "onboarding_system": {
    "directory": "/var/haven/@newuser/",
    "personas": [
      "PhiX (Analytical)",
      "Nova (Creative)",
      "ARIEL (Research)"
    ],
    "onboarding_steps": 7,
    "files_created": [
      "onboarding.state",
      "temp_profile.meta",
      "personas.json"
    ]
  },
  "ai_integration": {
    "ternary_kernel": "sys/dark/kernel/ternary_kernel.py",
    "entropy_engine": "sys/dark/entropy/entropy_engine.py",
    "guardian_protocol": "sys/halo/guardian/protocol.py",
    "helix_cortex": "var/haven/helix/cortex.py",
    "hippocampus_storage": "var/haven/hippocampus/storage.py"
  },
  "xspell_terminal": {
    "nlp_interpreter": "bin/xspell/nlp/interpreter.py",
    "shell_parsers": [
      "bash",
      "zsh",
      "powershell",
      "cmd"
    ],
    "package_handlers": [
      "deb",
      "exe",
      "apk"
    ],
    "neural_swarm": "bin/xspell/neural/swarm_coordinator.py",
    "emotion_analysis": "bin/xspell/emotion/spectrogram.py"
  },
  "build_script": {
    "location": "project/final/build_script/build_agios_structure.sh",
    "executable": true,
    "purpose": "Complete AGI-OS directory structure builder",
    "features": [
      "Creates all directories",
      "Generates all files with content",
      "Sets appropriate permissions",
      "Includes validation and logging"
    ]
  },
  "technical_specifications": {
    "ternary_logic": "Three-state logic processing (0, 1, 2)",
    "symbolic_computing": "Cross-layer symbolic file references",
    "ai_integration": "Comprehensive AI integration across all layers",
    "security_model": "Guardian protocol validation and layered security",
    "file_system": "Ternary symbolic file system with intelligent organization"
  },
  "next_steps": {
    "step_3": "Create interactive web-based file system explorer (ECHOFS)",
    "requirements": [
      "HTML/CSS/JavaScript web application",
      "Interactive file tree explorer",
      "File content preview panels",
      "Modal dialogs for system documentation",
      "Responsive futuristic design"
    ]
  }
}