{
  "metadata": {
    "created": "2025-07-11T11:27:38.863983",
    "version": "1.0",
    "description": "AGI-OS Base Software Stack Specifications",
    "technical_foundation": "Based on AI-assisted application research and modern software architectures"
  },
  "applications": {
    "darkpaint.app": {
      "category": "Creative AI Tools",
      "full_name": "DarkPaint - AI-Assisted Symbolic Drawing Program",
      "technical_basis": "AI-assisted creative tools and computer vision integration",
      "layer_execution": "DOM(0)",
      "description": "Advanced drawing and design application with AI assistance for symbolic art creation",
      "core_features": [
        "AI-powered brush stroke prediction and enhancement",
        "Symbolic pattern recognition and generation",
        "Ternary color space with three-state color mixing",
        "Natural language drawing command interpretation",
        "Real-time collaborative AI art generation"
      ],
      "ai_integration": {
        "computer_vision": "Real-time image analysis and enhancement",
        "natural_language": "Voice and text drawing commands",
        "machine_learning": "Style learning and artistic pattern recognition"
      },
      "file_types": [
        ".art",
        ".sym",
        ".paint",
        ".ai"
      ],
      "dependencies": [
        "vision.ai",
        "nlp.engine",
        "graphics.tern"
      ],
      "system_requirements": {
        "memory": "512MB minimum",
        "ai_processing": "Computer vision module required",
        "graphics": "Ternary graphics acceleration recommended"
      }
    },
    "psiword.exe": {
      "category": "Productivity AI Tools",
      "full_name": "PsiWord - AI Co-Writer Word Processor",
      "technical_basis": "Natural language processing and AI writing assistance research",
      "layer_execution": "DOM(0)",
      "description": "Advanced word processor with AI co-writing capabilities and symbolic document creation",
      "core_features": [
        "Real-time AI writing assistance and suggestions",
        "Symbolic document markup and formatting",
        "Multi-language support with ternary logic translation",
        "Context-aware grammar and style checking",
        "Collaborative AI editing and review"
      ],
      "ai_integration": {
        "natural_language": "Advanced text generation and editing",
        "context_analysis": "Document context understanding",
        "multi_modal": "Text, voice, and symbolic input processing"
      },
      "file_types": [
        ".psi",
        ".doc",
        ".sym",
        ".ai"
      ],
      "dependencies": [
        "nlp.engine",
        "context.ai",
        "symbolic.parser"
      ],
      "system_requirements": {
        "memory": "256MB minimum",
        "ai_processing": "NLP engine required",
        "storage": "Symbolic font library access"
      }
    },
    "chronopulse.app": {
      "category": "AI Scheduling Tools",
      "full_name": "ChronoPulse - Anticipatory AI Scheduler",
      "technical_basis": "Predictive AI systems and intelligent task scheduling research",
      "layer_execution": "DOM(0)",
      "description": "Intelligent scheduling system with predictive AI for optimal time management",
      "core_features": [
        "Predictive scheduling based on user behavior patterns",
        "AI-powered conflict resolution and optimization",
        "Ternary priority system (urgent/normal/deferred)",
        "Natural language event creation and modification",
        "Cross-system calendar integration and synchronization"
      ],
      "ai_integration": {
        "predictive_analytics": "Behavior pattern analysis and prediction",
        "optimization": "Schedule optimization algorithms",
        "natural_language": "Voice and text event processing"
      },
      "file_types": [
        ".schedule",
        ".event",
        ".predict",
        ".ai"
      ],
      "dependencies": [
        "predict.ai",
        "optimize.engine",
        "calendar.sync"
      ],
      "system_requirements": {
        "memory": "128MB minimum",
        "ai_processing": "Predictive analytics module required",
        "network": "Calendar synchronization capabilities"
      }
    },
    "spellfile.app": {
      "category": "File Management AI Tools",
      "full_name": "SpellFile - Semantic File Explorer",
      "technical_basis": "AI-assisted file management and semantic search research",
      "layer_execution": "DOM(0)",
      "description": "Intelligent file explorer with semantic search and AI-powered organization",
      "core_features": [
        "Semantic file search using natural language queries",
        "AI-powered automatic file organization and tagging",
        "Ternary file classification (system/user/cached)",
        "Symbolic file type recognition and handling",
        "Predictive file access and pre-loading"
      ],
      "ai_integration": {
        "semantic_search": "Content-based file discovery",
        "classification": "Automatic file categorization",
        "prediction": "File access pattern learning"
      },
      "file_types": [
        ".index",
        ".semantic",
        ".classify",
        ".ai"
      ],
      "dependencies": [
        "semantic.ai",
        "classify.engine",
        "index.tern"
      ],
      "system_requirements": {
        "memory": "192MB minimum",
        "ai_processing": "Semantic analysis module required",
        "storage": "File indexing database access"
      }
    },
    "glassmind.app": {
      "category": "Computer Vision AI Tools",
      "full_name": "GlassMind - Visual Interpreter & Webcam",
      "technical_basis": "Computer vision integration and real-time image processing research",
      "layer_execution": "DOM(0)",
      "description": "Advanced computer vision application for real-time visual interpretation and analysis",
      "core_features": [
        "Real-time webcam feed analysis and interpretation",
        "Object recognition and scene understanding",
        "Natural language description of visual content",
        "Symbolic pattern detection in visual data",
        "AI-powered visual accessibility features"
      ],
      "ai_integration": {
        "computer_vision": "Real-time image and video analysis",
        "object_recognition": "Advanced object detection and classification",
        "natural_language": "Visual content description generation"
      },
      "file_types": [
        ".vision",
        ".analyze",
        ".detect",
        ".ai"
      ],
      "dependencies": [
        "vision.ai",
        "detect.engine",
        "camera.driver"
      ],
      "system_requirements": {
        "memory": "384MB minimum",
        "ai_processing": "Computer vision module required",
        "hardware": "Camera/webcam access required"
      }
    },
    "helixlab.app": {
      "category": "AI Visualization Tools",
      "full_name": "HelixLab - Live Logic-Evolution Visualization",
      "technical_basis": "AI system visualization and adaptive learning research",
      "layer_execution": "HAVEN",
      "description": "Real-time visualization of AI logic evolution and system learning processes",
      "core_features": [
        "Live visualization of AI decision-making processes",
        "Ternary logic flow representation and analysis",
        "Memory evolution pattern tracking and display",
        "Interactive AI system debugging and monitoring",
        "Symbolic logic pathway visualization"
      ],
      "ai_integration": {
        "system_monitoring": "AI process introspection and analysis",
        "visualization": "Real-time data visualization and rendering",
        "pattern_analysis": "Logic evolution pattern recognition"
      },
      "file_types": [
        ".helix",
        ".evolve",
        ".visual",
        ".ai"
      ],
      "dependencies": [
        "monitor.ai",
        "visual.engine",
        "helix.core"
      ],
      "system_requirements": {
        "memory": "512MB minimum",
        "ai_processing": "System monitoring module required",
        "graphics": "Advanced visualization capabilities required"
      }
    },
    "guardian_audit.app": {
      "category": "Security AI Tools",
      "full_name": "Guardian Audit - Truth Protocol Monitor",
      "technical_basis": "AI security monitoring and truth validation research",
      "layer_execution": "HALO",
      "description": "Advanced security monitoring system with AI-powered truth validation and audit capabilities",
      "core_features": [
        "Real-time system security monitoring and analysis",
        "AI-powered truth validation and fact-checking",
        "Ternary security state management (secure/warning/breach)",
        "Automated threat detection and response",
        "Comprehensive audit trail generation and analysis"
      ],
      "ai_integration": {
        "security_analysis": "Advanced threat detection and analysis",
        "truth_validation": "Fact-checking and information verification",
        "anomaly_detection": "Behavioral anomaly identification"
      },
      "file_types": [
        ".audit",
        ".security",
        ".truth",
        ".guard"
      ],
      "dependencies": [
        "security.ai",
        "truth.engine",
        "audit.core"
      ],
      "system_requirements": {
        "memory": "256MB minimum",
        "ai_processing": "Security analysis module required",
        "privileges": "System-level monitoring access required"
      }
    },
    "personaforge.app": {
      "category": "AI Agent Tools",
      "full_name": "PersonaForge - Agent Persona Creator",
      "technical_basis": "AI agent development and persona management research",
      "layer_execution": "DOM(0)",
      "description": "Advanced tool for creating and managing AI agent personas with customizable behaviors",
      "core_features": [
        "Interactive AI persona design and customization",
        "Behavioral pattern definition and training",
        "Ternary personality trait system (active/neutral/passive)",
        "Natural language persona interaction testing",
        "Cross-system persona deployment and management"
      ],
      "ai_integration": {
        "persona_modeling": "AI personality and behavior modeling",
        "natural_language": "Persona interaction and communication",
        "behavioral_analysis": "Persona behavior pattern analysis"
      },
      "file_types": [
        ".persona",
        ".behavior",
        ".agent",
        ".ai"
      ],
      "dependencies": [
        "persona.ai",
        "behavior.engine",
        "agent.core"
      ],
      "system_requirements": {
        "memory": "320MB minimum",
        "ai_processing": "Persona modeling module required",
        "storage": "Persona template library access"
      }
    },
    "daemonstudio.app": {
      "category": "System Management AI Tools",
      "full_name": "DaemonStudio - Custom Bot Process Manager",
      "technical_basis": "Process management and daemon orchestration research",
      "layer_execution": "HALO",
      "description": "Advanced process management system for creating and managing custom AI bot processes",
      "core_features": [
        "Visual daemon and process creation interface",
        "AI-powered process optimization and monitoring",
        "Ternary process state management (running/suspended/terminated)",
        "Custom bot behavior scripting and deployment",
        "Inter-process communication management"
      ],
      "ai_integration": {
        "process_optimization": "AI-powered process performance optimization",
        "monitoring": "Intelligent process health monitoring",
        "automation": "Automated process management and scaling"
      },
      "file_types": [
        ".daemon",
        ".process",
        ".bot",
        ".manage"
      ],
      "dependencies": [
        "process.ai",
        "daemon.core",
        "monitor.engine"
      ],
      "system_requirements": {
        "memory": "384MB minimum",
        "ai_processing": "Process management module required",
        "privileges": "System-level process control access required"
      }
    }
  },
  "system_integration": {
    "inter_app_communication": "Ternary message passing between applications",
    "ai_resource_sharing": "Shared AI processing modules across applications",
    "security_model": "Layered security based on application execution context",
    "update_mechanism": "AI-assisted application updates and optimization"
  }
}