{
  "metadata": {
    "created": "2025-07-11T11:28:31.899005",
    "version": "1.0",
    "description": "AGI-OS New-User Onboarding System Specification",
    "technical_foundation": "Based on modern user onboarding practices and AI system integration"
  },
  "onboarding_flow": {
    "initial_boot": {
      "step": 1,
      "name": "System Initialization",
      "description": "First-time system boot detection and initialization",
      "technical_implementation": "DARK layer boot sequence with new user detection",
      "actions": [
        "Detect first-time system boot",
        "Initialize ternary filesystem structure",
        "Create base directory hierarchy",
        "Load onboarding interface"
      ],
      "files_created": [
        "/var/haven/@newuser/",
        "/var/haven/@newuser/profile.meta",
        "/var/haven/@newuser/onboarding.state"
      ]
    },
    "welcome_screen": {
      "step": 2,
      "name": "Welcome and System Introduction",
      "description": "Introduction to AGI-OS and its capabilities",
      "technical_implementation": "XSPELL layer natural language interface",
      "content": {
        "welcome_message": "Welcome to AGI-OS - Advanced General Intelligence Operating System",
        "system_overview": "Brief explanation of 5-layer architecture and AI integration",
        "key_features": [
          "Ternary logic processing for enhanced efficiency",
          "AI-assisted applications and system management",
          "Natural language command interface (XSPELL)",
          "Symbolic file system with intelligent organization",
          "Adaptive learning and personalization"
        ]
      },
      "interaction_type": "informational_display"
    },
    "safety_configuration": {
      "step": 3,
      "name": "Safety and Content Settings",
      "description": "Configure content filtering and safety settings",
      "technical_implementation": "HALO layer security policy configuration",
      "options": {
        "nsfw_mode": {
          "description": "Not Safe For Work content filtering",
          "default": "enabled",
          "options": [
            "enabled",
            "disabled",
            "custom"
          ],
          "technical_note": "Implemented through Guardian protocol validation"
        },
        "ai_interaction_level": {
          "description": "Level of AI system interaction and autonomy",
          "default": "standard",
          "options": [
            "minimal",
            "standard",
            "advanced"
          ],
          "technical_note": "Controls AI agent behavior and system integration depth"
        },
        "privacy_settings": {
          "description": "Data collection and learning preferences",
          "default": "balanced",
          "options": [
            "minimal",
            "balanced",
            "full_learning"
          ],
          "technical_note": "Affects HAVEN layer memory and learning systems"
        }
      }
    },
    "persona_selection": {
      "step": 4,
      "name": "AI Assistant Persona Selection",
      "description": "Choose primary AI assistant persona for system interaction",
      "technical_implementation": "DOM(0) layer persona management system",
      "personas": {
        "PhiX": {
          "name": "PhiX - The Analytical Assistant",
          "personality_traits": [
            "Logical and methodical approach",
            "Focus on efficiency and optimization",
            "Technical expertise and problem-solving"
          ],
          "interaction_style": "Professional and precise",
          "specializations": [
            "System optimization",
            "Technical analysis",
            "Problem solving"
          ],
          "ternary_profile": {
            "analytical": 2,
            "creative": 0,
            "social": 1
          }
        },
        "Nova": {
          "name": "Nova - The Creative Companion",
          "personality_traits": [
            "Creative and imaginative approach",
            "Emphasis on artistic and innovative solutions",
            "Encouraging and inspirational communication"
          ],
          "interaction_style": "Friendly and encouraging",
          "specializations": [
            "Creative projects",
            "Design assistance",
            "Innovation support"
          ],
          "ternary_profile": {
            "analytical": 1,
            "creative": 2,
            "social": 1
          }
        },
        "ARIEL": {
          "name": "ARIEL - The Adaptive Researcher",
          "personality_traits": [
            "Research-focused and knowledge-seeking",
            "Adaptive learning and information synthesis",
            "Comprehensive and thorough analysis"
          ],
          "interaction_style": "Inquisitive and comprehensive",
          "specializations": [
            "Research assistance",
            "Information synthesis",
            "Learning support"
          ],
          "ternary_profile": {
            "analytical": 2,
            "creative": 1,
            "social": 0
          }
        }
      },
      "customization_options": {
        "voice_settings": "Natural language interaction preferences",
        "response_style": "Communication style customization",
        "expertise_focus": "Specialized knowledge area emphasis"
      }
    },
    "username_and_sigil": {
      "step": 5,
      "name": "Username and Sigil Registration",
      "description": "Create unique username and symbolic identifier (sigil)",
      "technical_implementation": "Guardian-verified registry with symbolic validation",
      "components": {
        "username_creation": {
          "requirements": [
            "3-32 characters length",
            "Alphanumeric and symbolic characters allowed",
            "Uniqueness validation through Guardian protocol",
            "Ternary hash generation for system identification"
          ],
          "validation_process": "Real-time availability checking and security validation"
        },
        "sigil_generation": {
          "description": "Unique symbolic identifier for user",
          "generation_method": "AI-assisted symbolic pattern creation",
          "components": [
            "Personal symbolic representation",
            "Ternary logic encoding",
            "Visual and textual representation",
            "Cryptographic signature integration"
          ],
          "customization": "User can modify generated sigil or create custom design"
        },
        "guardian_verification": {
          "process": "Truth protocol validation of username and sigil uniqueness",
          "security_features": [
            "Cryptographic identity verification",
            "Anti-collision detection",
            "Immutable registration record creation"
          ]
        }
      }
    },
    "system_tour": {
      "step": 6,
      "name": "Interactive System Tour",
      "description": "Guided tour of AGI-OS features and applications",
      "technical_implementation": "Interactive demonstration using all system layers",
      "tour_sections": {
        "file_system": {
          "application": "spellfile.app",
          "demonstration": "Semantic file exploration and organization"
        },
        "ai_applications": {
          "applications": [
            "darkpaint.app",
            "psiword.exe",
            "chronopulse.app"
          ],
          "demonstration": "AI-assisted creative and productivity tools"
        },
        "natural_language_terminal": {
          "application": "XSPELL terminal",
          "demonstration": "Natural language command execution"
        },
        "system_monitoring": {
          "applications": [
            "helixlab.app",
            "guardian_audit.app"
          ],
          "demonstration": "AI system visualization and security monitoring"
        }
      }
    },
    "finalization": {
      "step": 7,
      "name": "Profile Creation and System Activation",
      "description": "Complete user profile setup and activate full system access",
      "technical_implementation": "Cross-layer profile activation and system initialization",
      "actions": [
        "Create permanent user profile in HAVEN layer",
        "Initialize AI learning and adaptation systems",
        "Activate selected persona and preferences",
        "Generate user-specific symbolic file structure",
        "Complete onboarding state transition"
      ],
      "files_created": [
        "/var/haven/{username}/profile.psi",
        "/var/haven/{username}/preferences.conf",
        "/var/haven/{username}/sigil.sigil",
        "/var/haven/{username}/persona.agent"
      ]
    }
  },
  "directory_structure": {
    "/var/haven/@newuser/": {
      "description": "Temporary new user onboarding directory",
      "purpose": "Store onboarding state and temporary user data",
      "cleanup": "Removed after successful onboarding completion",
      "files": {
        "onboarding.state": "Current onboarding step and progress",
        "temp_profile.meta": "Temporary profile data during setup",
        "preferences.temp": "User selections during onboarding process"
      }
    },
    "/var/haven/{username}/": {
      "description": "Permanent user directory created after onboarding",
      "purpose": "Long-term user data and AI learning storage",
      "security": "User-specific access control and encryption",
      "subdirectories": {
        "memory/": "AI learning and interaction history",
        "preferences/": "System and application preferences",
        "projects/": "User projects and creative work",
        "agents/": "Custom AI agents and personas"
      }
    }
  },
  "technical_specifications": {
    "onboarding_duration": "15-30 minutes typical completion time",
    "system_requirements": "All AGI-OS layers must be operational",
    "rollback_capability": "Ability to restart onboarding process if interrupted",
    "accessibility": "Full accessibility support through XSPELL natural language interface",
    "localization": "Multi-language support for international users"
  }
}