{
  "project_analysis": {
    "extraction_summary": {
      "source_file": "AGI-OS-Filesystem-and-Software.zip",
      "extracted_components": {
        "system_directories": [
          "sys",
          "usr",
          "var",
          "bin",
          "etc"
        ],
        "project_structure": "Complete AGI-OS project with specifications",
        "documentation": "Technical blueprints and architecture diagrams",
        "specifications": "JSON-based system specifications and manifests"
      },
      "total_assets_processed": 7
    },
    "agi_os_architecture_analysis": {
      "layer_architecture": {
        "DARK": "Kernel-level operations and low-level system access",
        "HALO": "Service management and guardian system integration",
        "DOM0": "Application management and user space operations",
        "HAVEN": "Memory management and user data storage",
        "XSPELL": "User interface and interaction layer"
      },
      "existing_security_components": {
        "guardian_system": "assets/etc/security/guardian/",
        "security_policies": "assets/etc/security/policies/",
        "cryptographic_keys": "assets/etc/security/keys/"
      },
      "ai_integration_points": {
        "ai_models": "assets/etc/ai/models/",
        "ai_configuration": "assets/etc/ai/config/",
        "learning_system": "assets/etc/ai/learning/",
        "core_ai": "assets/bin/core/ai/"
      },
      "symbolic_computing": {
        "symbolic_logic": "assets/bin/symbolic/logic/",
        "symbolic_validation": "assets/bin/symbolic/validation/",
        "symbolic_mappings": "assets/etc/symbolic/mappings/"
      },
      "ternary_computing": {
        "ternary_algorithms": "assets/etc/ternary/algorithms/",
        "ternary_config": "assets/etc/ternary/config/"
      }
    },
    "antivirus_integration_strategy": {
      "modular_architecture": {
        "total_modules": 9,
        "kernel_level": [
          "PhiGuard_Core"
        ],
        "monitoring_systems": [
          "WardenMonitor",
          "PsiShield"
        ],
        "ai_detection": [
          "ReHabScanner"
        ],
        "signature_based": [
          "SigStrat"
        ],
        "specialized_protection": [
          "AVxSentinel",
          "PsiPlayGuard",
          "ReDriverAI"
        ],
        "audio_stack": [
          "rehab_rehype_ai"
        ],
        "infrastructure": [
          "Setup"
        ]
      },
      "agi_os_layer_integration": {
        "DARK_layer": "PhiGuard_Core for kernel-level protection",
        "HALO_layer": "WardenMonitor integration with guardian system",
        "DOM0_layer": "Application monitoring and protection",
        "HAVEN_layer": "Memory protection and user data security",
        "XSPELL_layer": "User interface for antivirus management"
      },
      "security_fusion": {
        "existing_guardian": "Enhanced with real-time threat detection",
        "ai_enhancement": "Leveraged existing AI models for threat analysis",
        "symbolic_integration": "Used symbolic computing for pattern matching",
        "ternary_algorithms": "Applied ternary logic for advanced detection"
      }
    }
  },
  "implementation_summary": {
    "modules_created": {
      "PhiGuard_Core": {
        "purpose": "Kernel-level defense framework",
        "integration": "DARK/HALO layers",
        "key_features": [
          "Rootkit detection",
          "Memory protection",
          "System call monitoring"
        ]
      },
      "WardenMonitor": {
        "purpose": "Real-time process monitoring",
        "integration": "HALO guardian system",
        "key_features": [
          "Process tracking",
          "File access monitoring",
          "Network monitoring"
        ]
      },
      "ReHabScanner": {
        "purpose": "AI threat detection engine",
        "integration": "AGI-OS AI systems",
        "key_features": [
          "ML classification",
          "Behavioral analysis",
          "Heuristic detection"
        ]
      },
      "SigStrat": {
        "purpose": "Signature-based scanning",
        "integration": "Symbolic/ternary systems",
        "key_features": [
          "Traditional signatures",
          "Symbolic patterns",
          "Ternary analysis"
        ]
      },
      "AVxSentinel": {
        "purpose": "Audio and plugin protection",
        "integration": "Creative applications",
        "key_features": [
          "Plugin scanning",
          "Audio validation",
          "DAW protection"
        ]
      },
      "ReDriverAI": {
        "purpose": "Driver installer and sandboxer",
        "integration": "System driver management",
        "key_features": [
          "AI validation",
          "Sandboxing",
          "Driver monitoring"
        ]
      },
      "PsiPlayGuard": {
        "purpose": "Media playback protection",
        "integration": "Media applications",
        "key_features": [
          "Codec validation",
          "Container scanning",
          "Stream monitoring"
        ]
      },
      "rehab_rehype_ai": {
        "purpose": "Music production stack",
        "integration": "Creative/audio systems",
        "key_features": [
          "Secure audio processing",
          "Plugin security",
          "Frequency analysis"
        ]
      },
      "PsiShield": {
        "purpose": "Network shield and filtering",
        "integration": "Network stack",
        "key_features": [
          "Firewall",
          "Intrusion detection",
          "Traffic analysis"
        ]
      },
      "Setup": {
        "purpose": "Installation and logging",
        "integration": "System-wide deployment",
        "key_features": [
          "Cross-platform install",
          "Centralized logging",
          "AGI-OS integration"
        ]
      }
    },
    "architecture_benefits": {
      "deep_integration": "Seamless integration with existing AGI-OS components",
      "layered_security": "Protection across all AGI-OS architectural layers",
      "ai_enhancement": "Leveraged existing AI infrastructure for advanced threat detection",
      "modular_design": "Independent modules that can be deployed and updated separately",
      "specialized_protection": "Targeted protection for audio, media, and creative workflows"
    }
  }
}