{
  "name": "ARIEL Driver Pack All-in-One",
  "version": "1.0.0",
  "created": "2025-07-12T09:58:55.767377",
  "description": "Universal driver pack for ARIEL Antivirus System",
  "supported_platforms": [
    "Windows",
    "Linux",
    "macOS"
  ],
  "drivers": {
    "audio": [
      "rehab_rehype_audio_driver",
      "universal_audio_codec"
    ],
    "network": [
      "ethernet_drivers",
      "wifi_drivers",
      "bluetooth_drivers"
    ],
    "storage": [
      "sata_drivers",
      "nvme_drivers",
      "usb_storage"
    ],
    "graphics": [
      "intel_graphics",
      "nvidia_drivers",
      "amd_drivers"
    ]
  }
}