{
  "monitoring": {
    "health_check_interval": 30,
    "auto_restart": true,
    "max_restart_attempts": 3,
    "resource_monitoring": true,
    "cpu_threshold": 80,
    "memory_threshold": 80
  },
  "logging": {
    "level": "INFO",
    "max_file_size": "10MB",
    "backup_count": 5,
    "log_directory": "../../logs/daemon"
  },
  "modules": {
    "PhiGuard_Core": {
      "enabled": true,
      "auto_start": true,
      "priority": "high"
    },
    "WardenMonitor": {
      "enabled": true,
      "auto_start": true,
      "priority": "high"
    },
    "ReHabScanner": {
      "enabled": true,
      "auto_start": true,
      "priority": "normal"
    },
    "SigStrat": {
      "enabled": true,
      "auto_start": true,
      "priority": "high"
    },
    "AVxSentinel": {
      "enabled": true,
      "auto_start": true,
      "priority": "normal"
    },
    "ReDriverAI": {
      "enabled": true,
      "auto_start": true,
      "priority": "normal"
    },
    "PsiPlayGuard": {
      "enabled": true,
      "auto_start": true,
      "priority": "normal"
    },
    "PsiShield": {
      "enabled": true,
      "auto_start": true,
      "priority": "high"
    },
    "BiometricCore": {
      "enabled": true,
      "auto_start": true,
      "priority": "normal"
    },
    "HeartRateMonitor": {
      "enabled": true,
      "auto_start": true,
      "priority": "low"
    },
    "VoiceApproval": {
      "enabled": true,
      "auto_start": true,
      "priority": "normal"
    },
    "GestureRecognition": {
      "enabled": true,
      "auto_start": true,
      "priority": "low"
    },
    "rehab_rehype_ai": {
      "enabled": true,
      "auto_start": true,
      "priority": "normal"
    },
    "Integration": {
      "enabled": true,
      "auto_start": true,
      "priority": "low"
    }
  },
  "security": {
    "enable_audit_logging": true,
    "enable_threat_monitoring": true,
    "enable_access_control": true
  },
  "performance": {
    "enable_performance_monitoring": true,
    "resource_limits": {
      "max_cpu_percent": 80,
      "max_memory_mb": 2048,
      "max_disk_usage_percent": 90
    }
  }
}