{
  "global": {
    "level": "INFO",
    "format": "%(asctime)s - %(name)s - %(levelname)s - %(message)s",
    "date_format": "%Y-%m-%d %H:%M:%S"
  },
  "handlers": {
    "file": {
      "enabled": true,
      "max_bytes": 10485760,
      "backup_count": 5,
      "rotation": "size"
    },
    "timed": {
      "enabled": true,
      "when": "midnight",
      "interval": 1,
      "backup_count": 30
    },
    "console": {
      "enabled": true,
      "level": "INFO"
    }
  },
  "modules": {
    "PhiGuard_Core": {
      "level": "INFO",
      "separate_file": true
    },
    "WardenMonitor": {
      "level": "INFO",
      "separate_file": true
    },
    "ReHabScanner": {
      "level": "INFO",
      "separate_file": true
    },
    "SigStrat": {
      "level": "INFO",
      "separate_file": true
    },
    "AVxSentinel": {
      "level": "INFO",
      "separate_file": true
    },
    "ReDriverAI": {
      "level": "INFO",
      "separate_file": true
    },
    "PsiPlayGuard": {
      "level": "INFO",
      "separate_file": true
    },
    "PsiShield": {
      "level": "INFO",
      "separate_file": true
    },
    "BiometricCore": {
      "level": "INFO",
      "separate_file": true
    },
    "HeartRateMonitor": {
      "level": "DEBUG",
      "separate_file": true
    },
    "VoiceApproval": {
      "level": "INFO",
      "separate_file": true
    },
    "GestureRecognition": {
      "level": "DEBUG",
      "separate_file": true
    },
    "rehab_rehype_ai": {
      "level": "INFO",
      "separate_file": true
    },
    "Integration": {
      "level": "INFO",
      "separate_file": true
    },
    "Setup": {
      "level": "INFO",
      "separate_file": true
    }
  },
  "security": {
    "audit_logging": true,
    "security_events": true,
    "threat_logging": true,
    "access_logging": true
  },
  "performance": {
    "performance_logging": true,
    "resource_monitoring": true,
    "timing_logs": true,
    "metrics_collection": true
  },
  "retention": {
    "days": 30,
    "max_size_gb": 5,
    "compression": true,
    "archive_old_logs": true
  }
}