{
  "installation": {
    "auto_start_services": true,
    "create_desktop_shortcuts": true,
    "register_file_associations": true,
    "install_system_integration": true,
    "create_uninstaller": true
  },
  "daemon": {
    "enabled": true,
    "auto_start": true,
    "health_check_interval": 30,
    "restart_failed_modules": true,
    "max_restart_attempts": 3
  },
  "logging": {
    "centralized": true,
    "level": "INFO",
    "retention_days": 30,
    "max_size_mb": 100,
    "real_time_monitoring": true
  },
  "modules": {
    "PhiGuard_Core": {
      "enabled": true,
      "auto_start": true,
      "priority": "high",
      "dependencies": []
    },
    "WardenMonitor": {
      "enabled": true,
      "auto_start": true,
      "priority": "high",
      "dependencies": [
        "PhiGuard_Core"
      ]
    },
    "ReHabScanner": {
      "enabled": true,
      "auto_start": true,
      "priority": "normal",
      "dependencies": [
        "SigStrat"
      ]
    },
    "SigStrat": {
      "enabled": true,
      "auto_start": true,
      "priority": "high",
      "dependencies": [
        "PhiGuard_Core"
      ]
    },
    "AVxSentinel": {
      "enabled": true,
      "auto_start": true,
      "priority": "normal",
      "dependencies": [
        "rehab_rehype_ai"
      ]
    },
    "ReDriverAI": {
      "enabled": true,
      "auto_start": true,
      "priority": "normal",
      "dependencies": []
    },
    "PsiPlayGuard": {
      "enabled": true,
      "auto_start": true,
      "priority": "normal",
      "dependencies": [
        "AVxSentinel"
      ]
    },
    "PsiShield": {
      "enabled": true,
      "auto_start": true,
      "priority": "high",
      "dependencies": [
        "PhiGuard_Core"
      ]
    },
    "BiometricCore": {
      "enabled": true,
      "auto_start": true,
      "priority": "normal",
      "dependencies": []
    },
    "HeartRateMonitor": {
      "enabled": true,
      "auto_start": true,
      "priority": "low",
      "dependencies": [
        "BiometricCore"
      ]
    },
    "VoiceApproval": {
      "enabled": true,
      "auto_start": true,
      "priority": "normal",
      "dependencies": [
        "BiometricCore"
      ]
    },
    "GestureRecognition": {
      "enabled": true,
      "auto_start": true,
      "priority": "low",
      "dependencies": [
        "BiometricCore"
      ]
    },
    "rehab_rehype_ai": {
      "enabled": true,
      "auto_start": true,
      "priority": "normal",
      "dependencies": []
    },
    "Integration": {
      "enabled": true,
      "auto_start": true,
      "priority": "low",
      "dependencies": [
        "PhiGuard_Core",
        "WardenMonitor",
        "PsiShield"
      ]
    }
  },
  "security": {
    "enable_audit_logging": true,
    "enable_security_monitoring": true,
    "enable_threat_detection": true,
    "enable_access_control": true
  },
  "performance": {
    "enable_performance_monitoring": true,
    "resource_limits": {
      "max_cpu_percent": 80,
      "max_memory_mb": 2048,
      "max_disk_usage_percent": 90
    },
    "optimization": {
      "enable_auto_optimization": true,
      "performance_tuning": true
    }
  },
  "updates": {
    "auto_update": true,
    "update_check_interval": 86400,
    "update_server": "https://updates.ariel-antivirus.com"
  }
}