{
  "heart_rate_monitoring": {
    "enabled": true,
    "sampling_rate": 1.0,
    "stress_detection": true,
    "hrv_analysis": true,
    "device_type": "fitbit_api",
    "stress_algorithm": "hrv_rmssd"
  },
  "voice_approval": {
    "enabled": true,
    "confidence_threshold": 0.85,
    "timeout_seconds": 30,
    "required_phrases": [
      "approve security action",
      "confirm installation",
      "authorize critical operation"
    ],
    "voice_engine": "enterprise_voice_biometrics"
  },
  "gesture_recognition": {
    "enabled": true,
    "confidence_threshold": 0.8,
    "timeout_seconds": 15,
    "approved_gestures": [
      "thumbs_up",
      "open_palm",
      "peace_sign",
      "ok_sign"
    ],
    "recognition_model": "keypoint_based"
  },
  "stress_threshold": 0.7,
  "panic_threshold": 0.9,
  "integration": {
    "auto_lock_on_panic": true,
    "require_biometric_for_critical": true,
    "log_biometric_events": true,
    "integration_modules": [
      "PhiGuard_Core",
      "WardenMonitor",
      "ReHabScanner"
    ]
  }
}