{
  "metadata": {
    "created": "2025-07-11T11:32:03.227471",
    "version": "1.0",
    "description": "AGI-OS Symbolic File Type Templates",
    "purpose": "Standard templates for all AGI-OS symbolic file formats"
  },
  "symbolic_logic_scaffolds": {
    "guard_template": {
      "file_extension": ".guard",
      "description": "Guardian protocol validation file template",
      "structure": {
        "header": {
          "guard_version": "1.0",
          "created": "ISO timestamp",
          "layer": "Target layer (DARK/HALO/DOM0/HAVEN/XSPELL)",
          "security_level": "0-2 ternary security classification"
        },
        "validation_rules": {
          "access_control": {
            "allowed_users": "List of authorized user sigils",
            "allowed_processes": "List of authorized process identifiers",
            "permission_matrix": "Ternary permission matrix (0=deny, 1=allow, 2=conditional)"
          },
          "truth_validation": {
            "validation_criteria": "Truth validation rules and conditions",
            "trusted_sources": "List of trusted information sources",
            "verification_methods": "Methods for fact verification"
          }
        },
        "enforcement": {
          "violation_actions": "Actions to take on policy violations",
          "audit_requirements": "Audit logging specifications",
          "escalation_procedures": "Security incident escalation"
        }
      },
      "example_content": {
        "comment": "This is a structural template - actual content would be system-specific"
      }
    },
    "sigil_template": {
      "file_extension": ".sigil",
      "description": "Symbolic identifier and marker file template",
      "structure": {
        "header": {
          "sigil_version": "1.0",
          "created": "ISO timestamp",
          "type": "user/system/application/process",
          "unique_id": "Ternary-encoded unique identifier"
        },
        "symbolic_data": {
          "visual_representation": "ASCII or Unicode symbolic representation",
          "ternary_encoding": "Three-state logic encoding of the sigil",
          "semantic_meaning": "Human-readable description of sigil meaning"
        },
        "references": {
          "cross_references": "List of related sigils and symbolic links",
          "system_bindings": "System components associated with this sigil",
          "usage_contexts": "Contexts where this sigil is used"
        }
      }
    },
    "spell_template": {
      "file_extension": ".spell",
      "description": "Symbolic script executable template",
      "structure": {
        "header": {
          "spell_version": "1.0",
          "created": "ISO timestamp",
          "author": "Creator sigil or identifier",
          "permissions": "Required system permissions",
          "compatibility": "XSPELL version compatibility"
        },
        "natural_language": {
          "description": "Human-readable script purpose and functionality",
          "usage_examples": "Example commands and expected outcomes",
          "parameters": "Input parameters and their descriptions"
        },
        "symbolic_logic": {
          "ternary_conditions": "Three-state logic conditions and branches",
          "execution_flow": "Symbolic execution sequence",
          "system_calls": "Required system and layer interactions"
        },
        "safety": {
          "pre_checks": "Safety validations before execution",
          "rollback_procedures": "Error recovery and rollback steps",
          "guardian_validation": "Guardian protocol compliance checks"
        }
      }
    },
    "meta_template": {
      "file_extension": ".meta",
      "description": "System metadata file template",
      "structure": {
        "header": {
          "meta_version": "1.0",
          "created": "ISO timestamp",
          "target": "Target system component or file",
          "layer": "Associated system layer"
        },
        "system_state": {
          "current_status": "Ternary system status (0=inactive, 1=active, 2=transitioning)",
          "performance_metrics": "System performance data",
          "resource_usage": "Current resource utilization"
        },
        "configuration": {
          "settings": "System configuration parameters",
          "preferences": "User or system preferences",
          "optimization_flags": "Performance optimization settings"
        },
        "ai_context": {
          "learning_data": "AI system learning and adaptation information",
          "behavior_patterns": "Observed system behavior patterns",
          "optimization_suggestions": "AI-generated optimization recommendations"
        }
      }
    },
    "syn_template": {
      "file_extension": ".syn",
      "description": "Synchronization logic file template",
      "structure": {
        "header": {
          "syn_version": "1.0",
          "created": "ISO timestamp",
          "sync_type": "inter_layer/inter_process/inter_system",
          "participants": "List of synchronization participants"
        },
        "sync_protocols": {
          "ternary_algorithms": "Three-state synchronization algorithms",
          "timing_constraints": "Temporal synchronization requirements",
          "conflict_resolution": "Conflict resolution strategies"
        },
        "state_coordination": {
          "state_definitions": "Synchronized state definitions",
          "transition_rules": "State transition rules and conditions",
          "consistency_checks": "Data consistency validation"
        }
      }
    }
  },
  "configuration_templates": {
    "conf_template": {
      "file_extension": ".conf",
      "description": "Configuration file template",
      "structure": {
        "header": {
          "config_version": "1.0",
          "created": "ISO timestamp",
          "component": "Target system component",
          "layer": "Associated system layer"
        },
        "ternary_settings": {
          "three_state_options": "Configuration options with ternary values",
          "priority_settings": "Priority configurations (0=low, 1=normal, 2=high)",
          "mode_selections": "Operational mode selections"
        },
        "layer_specific": {
          "layer_configurations": "Layer-specific configuration parameters",
          "integration_settings": "Inter-layer integration configurations",
          "security_policies": "Security and access control settings"
        }
      }
    }
  },
  "executable_templates": {
    "app_metadata": {
      "file_extension": ".app (metadata)",
      "description": "Application executable metadata template",
      "structure": {
        "application_info": {
          "name": "Application name",
          "version": "Application version",
          "author": "Developer sigil or identifier",
          "layer": "Execution layer (typically DOM0)"
        },
        "ai_integration": {
          "ai_capabilities": "AI features and integrations",
          "learning_enabled": "Whether application learns from usage",
          "persona_compatibility": "Compatible AI personas"
        },
        "system_requirements": {
          "memory_requirements": "Memory usage specifications",
          "ai_processing": "AI processing requirements",
          "dependencies": "Required system components"
        }
      }
    }
  },
  "security_templates": {
    "key_template": {
      "file_extension": ".key",
      "description": "Cryptographic key file template (structure only)",
      "structure": {
        "header": {
          "key_version": "1.0",
          "created": "ISO timestamp",
          "key_type": "RSA/ECC/Quantum/Ternary",
          "usage": "encryption/signing/authentication"
        },
        "metadata": {
          "owner_sigil": "Owner's unique sigil identifier",
          "expiration": "Key expiration timestamp",
          "permissions": "Key usage permissions"
        },
        "note": "Actual key data would be encrypted and binary"
      }
    },
    "psi_template": {
      "file_extension": ".psi",
      "description": "Immutable identity file template (structure only)",
      "structure": {
        "header": {
          "psi_version": "1.0",
          "created": "ISO timestamp",
          "identity_type": "user/system/application",
          "immutable_flag": "true"
        },
        "identity_data": {
          "sigil_binding": "Associated sigil identifier",
          "verification_chain": "Identity verification chain",
          "trust_level": "Ternary trust classification"
        },
        "note": "Actual identity data would be cryptographically protected"
      }
    }
  },
  "usage_guidelines": {
    "file_creation": "All files should include proper headers with version and timestamp information",
    "ternary_integration": "Utilize ternary logic principles where applicable (0, 1, 2 states)",
    "security_compliance": "All files must comply with Guardian protocol validation",
    "cross_layer_compatibility": "Ensure compatibility across relevant system layers",
    "ai_integration": "Include AI context and learning data where appropriate"
  }
}