{
  "metadata": {
    "created": "2025-07-11T11:29:24.616009",
    "version": "1.0",
    "description": "AGI-OS AI Symbolic Logic Integration Specification",
    "technical_foundation": "Based on symbolic computing research, AI integration patterns, and ternary logic systems"
  },
  "ternary_kernel_engine": {
    "name": "Ternary Kernel & Entropy Engine",
    "description": "Core ternary logic processing system with entropy management",
    "layer": "DARK",
    "technical_basis": "Ternary computing architecture research and kernel symbolic execution",
    "components": {
      "ternary_processor": {
        "description": "Three-state logic processing unit",
        "capabilities": [
          "Native ternary arithmetic operations",
          "Three-state boolean logic (true/false/unknown)",
          "Ternary memory addressing and management",
          "Optimized ternary instruction set execution"
        ],
        "advantages": [
          "More compact data representation than binary",
          "Reduced interconnect complexity",
          "Enhanced computational density",
          "Natural uncertainty representation"
        ],
        "implementation": "Custom ternary ALU with CMOS or CNTFET technology"
      },
      "entropy_engine": {
        "description": "System randomness and chaos management",
        "functions": [
          "True random number generation using ternary states",
          "System entropy monitoring and maintenance",
          "Chaos-based security key generation",
          "Unpredictability injection for AI decision making"
        ],
        "technical_approach": "Hardware-based entropy collection with ternary state analysis",
        "security_features": "Cryptographically secure randomness for system security"
      },
      "symbolic_execution_engine": {
        "description": "Kernel-level symbolic execution for system analysis",
        "based_on": "Kernel symbolic execution research for thread analysis",
        "capabilities": [
          "Dynamic system state analysis",
          "Symbolic path exploration",
          "Automated bug detection and verification",
          "System behavior prediction and optimization"
        ]
      }
    },
    "file_specifications": {
      "ternary_kernel.core": "Main kernel executable with ternary processing",
      "entropy_engine.sys": "Entropy management system driver",
      "symbolic_exec.mod": "Symbolic execution kernel module"
    }
  },
  "guardian_protocol_validator": {
    "name": "Guardian Protocol Validator",
    "description": "Truth validation and security verification system",
    "layer": "HALO",
    "technical_basis": "AI security monitoring and truth validation research",
    "core_functions": {
      "truth_validation": {
        "description": "AI-powered fact checking and information verification",
        "methods": [
          "Cross-reference validation against trusted sources",
          "Logical consistency checking",
          "Temporal consistency analysis",
          "Source credibility assessment"
        ],
        "ternary_states": {
          "0": "False/Invalid/Rejected",
          "1": "True/Valid/Accepted",
          "2": "Unknown/Uncertain/Requires_Review"
        }
      },
      "security_validation": {
        "description": "System security state monitoring and validation",
        "capabilities": [
          "Real-time threat detection and analysis",
          "Behavioral anomaly identification",
          "Access control policy enforcement",
          "Cryptographic integrity verification"
        ],
        "ai_integration": "Machine learning-based threat pattern recognition"
      },
      "protocol_enforcement": {
        "description": "System protocol compliance monitoring",
        "enforcement_areas": [
          "Inter-layer communication protocols",
          "File system access permissions",
          "AI agent behavior compliance",
          "User interaction safety protocols"
        ]
      }
    },
    "file_specifications": {
      "guardian.daemon": "Main guardian protocol service",
      "truth_validator.ai": "AI truth validation engine",
      "security_monitor.guard": "Security monitoring and enforcement"
    }
  },
  "helix_cortex_memory": {
    "name": "Helix Cortex Memory Evolution Engine",
    "description": "AI memory evolution and pattern learning system",
    "layer": "HAVEN",
    "technical_basis": "AI adaptive learning and memory evolution research",
    "architecture": {
      "memory_cortex": {
        "description": "Central AI memory processing and management",
        "functions": [
          "Long-term memory storage and retrieval",
          "Memory pattern recognition and analysis",
          "Cross-session context preservation",
          "Adaptive memory organization and optimization"
        ],
        "ternary_memory_states": {
          "0": "Inactive/Archived memory",
          "1": "Active/Frequently accessed memory",
          "2": "Evolving/Learning memory patterns"
        }
      },
      "evolution_engine": {
        "description": "Memory pattern evolution and learning system",
        "capabilities": [
          "Automatic memory pattern evolution",
          "Learning efficiency optimization",
          "Memory consolidation and pruning",
          "Adaptive behavior pattern development"
        ],
        "learning_algorithms": [
          "Reinforcement learning for behavior optimization",
          "Neural network adaptation for pattern recognition",
          "Genetic algorithm-inspired memory evolution",
          "Symbolic logic pattern extraction"
        ]
      },
      "context_integration": {
        "description": "Multi-modal context integration and processing",
        "integration_sources": [
          "User interaction history",
          "Application usage patterns",
          "System performance metrics",
          "Environmental context data"
        ]
      }
    },
    "file_specifications": {
      "helix_cortex.ai": "Main memory cortex processing engine",
      "evolution_engine.core": "Memory evolution and learning system",
      "memory_patterns.helix": "Evolved memory pattern storage"
    }
  },
  "hippocampus_storage": {
    "name": "Hippocampus Storage System",
    "description": "Long-term memory storage with biological-inspired organization",
    "layer": "HAVEN",
    "technical_basis": "Distributed storage systems and biological memory research",
    "storage_architecture": {
      "hierarchical_organization": {
        "description": "Multi-level memory organization inspired by biological hippocampus",
        "levels": {
          "immediate_memory": "Short-term, high-speed access memory",
          "consolidation_layer": "Memory processing and pattern extraction",
          "long_term_storage": "Permanent memory with semantic organization"
        }
      },
      "semantic_indexing": {
        "description": "AI-powered semantic memory organization",
        "features": [
          "Content-based memory retrieval",
          "Associative memory linking",
          "Contextual memory clustering",
          "Temporal memory sequencing"
        ]
      },
      "distributed_storage": {
        "description": "Fault-tolerant distributed memory storage",
        "characteristics": [
          "Redundant storage across multiple locations",
          "Automatic error detection and correction",
          "Load balancing for optimal access performance",
          "Scalable storage capacity expansion"
        ]
      }
    },
    "file_specifications": {
      "hippocampus.storage": "Main storage system controller",
      "semantic_index.ai": "AI-powered semantic indexing system",
      "memory_clusters.data": "Organized memory cluster storage"
    }
  },
  "symbolic_logic_framework": {
    "name": "Symbolic Logic Processing Framework",
    "description": "Unified symbolic logic processing across all system layers",
    "technical_basis": "Symbolic computing and logic programming research",
    "framework_components": {
      "symbolic_parser": {
        "description": "Universal symbolic expression parser and interpreter",
        "supported_formats": [
          "Mathematical symbolic expressions",
          "Logical propositions and predicates",
          "Natural language symbolic representations",
          "Custom AGI-OS symbolic file formats"
        ]
      },
      "logic_engine": {
        "description": "Ternary logic processing and inference engine",
        "capabilities": [
          "Three-valued logic operations and inference",
          "Symbolic reasoning and deduction",
          "Pattern matching and substitution",
          "Automated theorem proving support"
        ]
      },
      "integration_layer": {
        "description": "Cross-layer symbolic logic integration",
        "functions": [
          "Symbolic data exchange between layers",
          "Unified symbolic representation standards",
          "Cross-system symbolic reference resolution",
          "Symbolic logic debugging and analysis tools"
        ]
      }
    },
    "file_specifications": {
      "symbolic_parser.engine": "Universal symbolic expression parser",
      "ternary_logic.core": "Three-valued logic processing engine",
      "symbolic_integration.layer": "Cross-layer symbolic integration"
    }
  },
  "system_integration": {
    "inter_component_communication": {
      "protocol": "Ternary symbolic message passing",
      "data_format": "Symbolic expressions with ternary state encoding",
      "security": "Guardian protocol validation for all communications"
    },
    "performance_optimization": {
      "ternary_processing": "Native three-state logic for enhanced efficiency",
      "ai_acceleration": "Specialized AI processing units for symbolic operations",
      "memory_management": "Intelligent memory allocation based on usage patterns"
    },
    "scalability": {
      "modular_design": "Component-based architecture for easy expansion",
      "distributed_processing": "Multi-node symbolic processing support",
      "adaptive_resource_allocation": "AI-driven resource optimization"
    }
  }
}