{
  "metadata": {
    "created": "2025-07-11T11:25:20.788651",
    "version": "1.0",
    "description": "AGI-OS 5-Layer Architecture Specification",
    "based_on_research": [
      "Layered OS architecture patterns",
      "Microkernel design principles",
      "Ternary logic system architectures",
      "AI-integrated operating systems"
    ]
  },
  "layers": {
    "DARK": {
      "level": 0,
      "name": "DARK - Deep Architecture Runtime Kernel",
      "description": "Low-level boot/kernel layer implementing ternary logic processing",
      "technical_foundation": "Based on microkernel architecture with ternary logic ALU integration",
      "responsibilities": [
        "Ternary logic kernel initialization and boot sequence",
        "Hardware abstraction layer for ternary computing systems",
        "Memory management with three-state logic support",
        "Process scheduling using ternary priority algorithms",
        "Interrupt handling and system call interface",
        "Symbolic execution engine for kernel thread analysis"
      ],
      "key_components": [
        "ternary_kernel.core - Main kernel with 3-state logic processing",
        "entropy_engine.sys - Randomness and chaos management system",
        "symbol_loader.mod - Dynamic symbol management for kernel modules",
        "hardware_abstraction.layer - Ternary hardware interface"
      ],
      "file_types": [
        ".kern",
        ".sys",
        ".mod",
        ".boot"
      ],
      "security_level": "kernel_space",
      "api_interface": "system_calls_ternary"
    },
    "HALO": {
      "level": 1,
      "name": "HALO - Hierarchical Admin Logic Operations",
      "description": "Administrative and root services layer with AI-assisted system management",
      "technical_foundation": "Modular service architecture with AI monitoring and adaptive management",
      "responsibilities": [
        "System administration and configuration management",
        "AI-assisted system monitoring and optimization",
        "Security policy enforcement and access control",
        "Service orchestration and daemon management",
        "System health monitoring with predictive analytics",
        "Root-level symbolic logic processing"
      ],
      "key_components": [
        "admin_cortex.service - AI-powered system administration",
        "guardian_protocol.daemon - Security and truth validation system",
        "service_orchestrator.manager - Daemon and service coordination",
        "system_monitor.ai - Predictive system health analysis"
      ],
      "file_types": [
        ".service",
        ".daemon",
        ".policy",
        ".guard"
      ],
      "security_level": "admin_space",
      "api_interface": "admin_api_secure"
    },
    "DOM0": {
      "level": 2,
      "name": "DOM(0) - Default Operations Management Zero",
      "description": "Default user-level applications and AI agents layer",
      "technical_foundation": "User-space application framework with AI agent integration",
      "responsibilities": [
        "User application execution and management",
        "AI agent coordination and persona management",
        "Inter-application communication and data sharing",
        "User interface rendering and interaction handling",
        "Application sandboxing and security isolation",
        "Symbolic file system operations"
      ],
      "key_components": [
        "app_manager.core - Application lifecycle management",
        "agent_coordinator.ai - AI agent orchestration system",
        "ui_renderer.engine - User interface rendering system",
        "sandbox_manager.security - Application isolation framework"
      ],
      "file_types": [
        ".app",
        ".exe",
        ".agent",
        ".ui"
      ],
      "security_level": "user_space",
      "api_interface": "user_api_standard"
    },
    "HAVEN": {
      "level": 3,
      "name": "HAVEN - Hybrid AI Virtual Environment Network",
      "description": "User-AI hybrid memory and long-term storage layer",
      "technical_foundation": "Distributed memory system with AI-enhanced storage and retrieval",
      "responsibilities": [
        "Long-term memory storage and retrieval",
        "AI-human interaction history and context management",
        "Semantic file organization and intelligent indexing",
        "Cross-session state persistence and restoration",
        "Distributed storage coordination and synchronization",
        "Memory evolution and pattern recognition"
      ],
      "key_components": [
        "memory_cortex.ai - AI-enhanced memory management",
        "helix_evolution.engine - Memory pattern evolution system",
        "hippocampus.storage - Long-term memory storage system",
        "context_manager.ai - Session and interaction context tracking"
      ],
      "file_types": [
        ".mem",
        ".ctx",
        ".hist",
        ".meta"
      ],
      "security_level": "hybrid_space",
      "api_interface": "memory_api_intelligent"
    },
    "XSPELL": {
      "level": 4,
      "name": "XSPELL - eXtended Symbolic Processing Enhanced Language Layer",
      "description": "Universal natural language terminal and command interface",
      "technical_foundation": "LLM-integrated terminal with multi-language command parsing",
      "responsibilities": [
        "Natural language command interpretation and execution",
        "Multi-shell compatibility (CMD, PowerShell, Bash, Zsh)",
        "Emotion and tone analysis for command context",
        "Symbolic script (.spell) processing and execution",
        "Neural swarm execution backend coordination",
        "Cross-platform command translation and validation"
      ],
      "key_components": [
        "nlp_interpreter.ai - Natural language processing engine",
        "command_translator.multi - Multi-shell command translation",
        "emotion_analyzer.ai - Command tone and context analysis",
        "spell_processor.symbolic - Symbolic script execution engine"
      ],
      "file_types": [
        ".spell",
        ".cmd",
        ".nlp",
        ".tone"
      ],
      "security_level": "interface_space",
      "api_interface": "natural_language_api"
    }
  },
  "inter_layer_communication": {
    "protocol": "ternary_message_passing",
    "security_model": "layered_privilege_escalation",
    "performance_optimization": "minimal_context_switching"
  }
}