{
  "metadata": {
    "created": "2025-07-11T11:26:38.322364",
    "version": "1.0",
    "description": "AGI-OS Symbolic File Types Mapping Specification",
    "technical_foundation": "Based on symbolic computing research and OS file type conventions"
  },
  "symbolic_logic_scaffolds": {
    ".guard": {
      "category": "Security Logic",
      "description": "Guardian protocol validation files for truth verification",
      "technical_basis": "Security policy enforcement from AI OS research",
      "purpose": "System security validation and access control logic",
      "execution_context": "HALO layer security validation",
      "content_structure": {
        "validation_rules": "Ternary logic security policies",
        "access_permissions": "Three-state permission matrix",
        "audit_trails": "Security event logging"
      },
      "mime_type": "application/x-agios-guard",
      "binary_format": false
    },
    ".sigil": {
      "category": "Symbolic Markers",
      "description": "Symbolic identifiers and markers for system components",
      "technical_basis": "Symbol management from kernel research",
      "purpose": "Unique symbolic identification and referencing",
      "execution_context": "Cross-layer symbolic referencing",
      "content_structure": {
        "symbol_id": "Unique ternary identifier",
        "metadata": "Symbolic properties and attributes",
        "references": "Cross-system symbolic links"
      },
      "mime_type": "application/x-agios-sigil",
      "binary_format": false
    },
    ".spell": {
      "category": "Executable Symbolic Scripts",
      "description": "Natural language and symbolic logic executable scripts",
      "technical_basis": "Natural language terminal research and symbolic execution",
      "purpose": "XSPELL terminal executable symbolic commands",
      "execution_context": "XSPELL layer natural language processing",
      "content_structure": {
        "natural_language": "Human-readable command descriptions",
        "symbolic_logic": "Ternary logic execution instructions",
        "emotion_context": "Tone and context metadata"
      },
      "mime_type": "application/x-agios-spell",
      "binary_format": false
    },
    ".meta": {
      "category": "System Metadata",
      "description": "Metadata and system information files",
      "technical_basis": "AI system metadata management research",
      "purpose": "System state and configuration metadata storage",
      "execution_context": "All layers metadata management",
      "content_structure": {
        "system_state": "Current ternary system status",
        "configuration": "Layer-specific settings",
        "ai_context": "AI system learning and adaptation data"
      },
      "mime_type": "application/x-agios-meta",
      "binary_format": false
    },
    ".syn": {
      "category": "Synchronization Logic",
      "description": "Inter-layer and inter-component synchronization files",
      "technical_basis": "Distributed system synchronization research",
      "purpose": "Coordination between AGI-OS layers and components",
      "execution_context": "Inter-layer communication",
      "content_structure": {
        "sync_protocols": "Ternary synchronization algorithms",
        "state_coordination": "Multi-layer state management",
        "timing_logic": "Temporal coordination rules"
      },
      "mime_type": "application/x-agios-syn",
      "binary_format": false
    }
  },
  "configuration_and_logic": {
    ".conf": {
      "category": "Configuration Files",
      "description": "System and application configuration files",
      "technical_basis": "Standard OS configuration management",
      "purpose": "Layer-specific and application configuration storage",
      "execution_context": "All layers configuration management",
      "ternary_features": "Three-state configuration options",
      "mime_type": "text/x-agios-config",
      "binary_format": false
    },
    ".py": {
      "category": "Logic Processing",
      "description": "Python-based logic and AI processing scripts",
      "technical_basis": "AI integration research and symbolic computing",
      "purpose": "AI logic processing and system automation",
      "execution_context": "DOM(0) and HAVEN layers",
      "ternary_features": "Ternary logic processing capabilities",
      "mime_type": "text/x-python",
      "binary_format": false
    }
  },
  "executables": {
    ".app": {
      "category": "Application Executables",
      "description": "AGI-OS native application executables",
      "technical_basis": "Application framework research",
      "purpose": "User-facing applications with AI integration",
      "execution_context": "DOM(0) layer application execution",
      "ternary_features": "Three-state application lifecycle management",
      "mime_type": "application/x-agios-app",
      "binary_format": true
    },
    ".exe": {
      "category": "System Executables",
      "description": "System-level executable programs",
      "technical_basis": "OS executable format standards",
      "purpose": "Core system program execution",
      "execution_context": "DARK and HALO layers",
      "ternary_features": "Ternary execution state management",
      "mime_type": "application/x-executable",
      "binary_format": true
    },
    ".tern": {
      "category": "Ternary Executables",
      "description": "Native ternary logic executable programs",
      "technical_basis": "Ternary computing architecture research",
      "purpose": "Optimized ternary logic program execution",
      "execution_context": "All layers with ternary optimization",
      "ternary_features": "Native three-state logic processing",
      "mime_type": "application/x-agios-ternary",
      "binary_format": true
    }
  },
  "secure_daemon_bindings": {
    ".sock": {
      "category": "Socket Communications",
      "description": "Inter-process communication socket files",
      "technical_basis": "Unix socket communication standards",
      "purpose": "Secure inter-layer communication",
      "execution_context": "All layers IPC",
      "ternary_features": "Three-state connection management",
      "mime_type": "application/x-socket",
      "binary_format": true
    },
    ".daemon": {
      "category": "Daemon Processes",
      "description": "Background service daemon configuration and control",
      "technical_basis": "OS daemon management research",
      "purpose": "System service management and control",
      "execution_context": "HALO layer service management",
      "ternary_features": "Three-state service lifecycle",
      "mime_type": "application/x-agios-daemon",
      "binary_format": false
    },
    ".warp": {
      "category": "Secure Transport",
      "description": "Encrypted and secure data transport files",
      "technical_basis": "Secure communication protocols research",
      "purpose": "High-security data transmission between layers",
      "execution_context": "Cross-layer secure communication",
      "ternary_features": "Three-level security classification",
      "mime_type": "application/x-agios-warp",
      "binary_format": true
    }
  },
  "immutable_keyfiles": {
    ".key": {
      "category": "Cryptographic Keys",
      "description": "Immutable cryptographic key files",
      "technical_basis": "Cryptographic key management standards",
      "purpose": "System and user authentication key storage",
      "execution_context": "HALO layer security management",
      "immutable": true,
      "ternary_features": "Three-factor authentication support",
      "mime_type": "application/x-agios-key",
      "binary_format": true
    },
    ".psi": {
      "category": "Immutable System Identity",
      "description": "Immutable system and user identity files",
      "technical_basis": "Identity management and PKI research",
      "purpose": "Permanent identity and signature verification",
      "execution_context": "All layers identity verification",
      "immutable": true,
      "ternary_features": "Three-tier identity validation",
      "mime_type": "application/x-agios-psi",
      "binary_format": true
    }
  },
  "file_system_integration": {
    "ternary_indexing": "Files indexed using three-state priority system",
    "symbolic_linking": "Cross-layer symbolic file references",
    "ai_classification": "AI-assisted file type detection and management",
    "security_model": "Layered security based on file type and context"
  }
}