{
  "metadata": {
    "created": "2025-07-11T11:31:05.835918",
    "version": "1.0",
    "description": "AGI-OS Comprehensive System Integration Specification",
    "technical_foundation": "Integration of all AGI-OS components and layers"
  },
  "integration_architecture": {
    "layer_communication": {
      "protocol": "Ternary Symbolic Message Passing (TSMP)",
      "description": "Unified communication protocol across all 5 layers",
      "technical_basis": "Ternary logic research and inter-layer communication patterns",
      "message_format": {
        "header": {
          "source_layer": "Originating layer identifier",
          "target_layer": "Destination layer identifier",
          "message_type": "Command, query, response, or notification",
          "ternary_priority": "0 (system), 1 (user), 2 (background)"
        },
        "payload": {
          "symbolic_data": "Symbolic representation of message content",
          "ternary_encoding": "Three-state data encoding",
          "security_signature": "Guardian protocol validation signature"
        }
      },
      "routing_matrix": {
        "DARK_to_HALO": "System initialization and security policy requests",
        "HALO_to_DOM0": "Application launch and resource allocation",
        "DOM0_to_HAVEN": "Memory storage and retrieval requests",
        "HAVEN_to_XSPELL": "Context-aware command processing",
        "cross_layer": "Emergency and system-wide notifications"
      }
    },
    "data_flow_architecture": {
      "upward_flow": {
        "description": "Data flow from lower to higher layers",
        "examples": [
          "DARK \u2192 HALO: System status and hardware events",
          "HALO \u2192 DOM0: Security clearances and resource grants",
          "DOM0 \u2192 HAVEN: User interaction data and application state",
          "HAVEN \u2192 XSPELL: Contextual information for command processing"
        ]
      },
      "downward_flow": {
        "description": "Control flow from higher to lower layers",
        "examples": [
          "XSPELL \u2192 HAVEN: Command execution requests and context updates",
          "HAVEN \u2192 DOM0: Application launch and data retrieval commands",
          "DOM0 \u2192 HALO: Resource requests and security policy queries",
          "HALO \u2192 DARK: System configuration and hardware control"
        ]
      }
    }
  },
  "unified_file_system": {
    "symbolic_file_integration": {
      "description": "Unified handling of all symbolic file types across layers",
      "file_type_routing": {
        ".guard": "HALO layer Guardian protocol processing",
        ".sigil": "Cross-layer symbolic identification",
        ".spell": "XSPELL layer script execution",
        ".meta": "System-wide metadata management",
        ".syn": "Inter-layer synchronization",
        ".app/.exe/.tern": "DOM0 layer application execution",
        ".sock/.daemon/.warp": "HALO layer service management",
        ".key/.psi": "System-wide security and identity"
      }
    },
    "ternary_indexing_system": {
      "description": "Unified file indexing using ternary logic principles",
      "index_structure": {
        "priority_0": "System-critical files (DARK/HALO layers)",
        "priority_1": "Active user files (DOM0/HAVEN layers)",
        "priority_2": "Cached and background files (all layers)"
      },
      "search_optimization": "Three-state search algorithms for enhanced performance"
    }
  },
  "ai_system_coordination": {
    "central_ai_orchestrator": {
      "name": "AGI-OS Central AI Orchestrator",
      "description": "Unified AI coordination across all system components",
      "responsibilities": [
        "AI resource allocation and load balancing",
        "Cross-layer AI communication coordination",
        "System-wide learning and adaptation management",
        "AI security and behavior monitoring"
      ],
      "integration_points": {
        "guardian_protocol": "Security validation and truth verification",
        "helix_cortex": "Memory evolution and pattern learning",
        "neural_swarm": "Distributed processing coordination",
        "application_ai": "Individual application AI assistance"
      }
    },
    "learning_synchronization": {
      "description": "Synchronized learning across all AI components",
      "mechanisms": [
        "Shared knowledge base updates",
        "Cross-component pattern sharing",
        "Unified user preference learning",
        "System-wide adaptation coordination"
      ]
    }
  },
  "security_integration": {
    "layered_security_model": {
      "description": "Comprehensive security across all layers",
      "security_levels": {
        "kernel_space": "DARK layer - Hardware and kernel security",
        "admin_space": "HALO layer - Administrative and service security",
        "user_space": "DOM0 layer - Application and user security",
        "hybrid_space": "HAVEN layer - AI-human interaction security",
        "interface_space": "XSPELL layer - Command and interface security"
      },
      "guardian_integration": "Guardian protocol validation at all security boundaries"
    },
    "unified_authentication": {
      "description": "Single sign-on across all system components",
      "components": [
        "User sigil-based identity verification",
        "Ternary permission matrix",
        "Cross-layer access control",
        "AI agent authentication and authorization"
      ]
    }
  },
  "performance_optimization": {
    "ternary_processing_optimization": {
      "description": "System-wide optimization for ternary logic processing",
      "optimizations": [
        "Native three-state operations throughout the system",
        "Ternary memory management and allocation",
        "Three-state caching and prefetching",
        "Optimized ternary data structures"
      ]
    },
    "ai_processing_acceleration": {
      "description": "Specialized AI processing optimization",
      "features": [
        "Dedicated AI processing units",
        "Parallel AI task execution",
        "Intelligent resource scheduling",
        "Adaptive performance tuning"
      ]
    }
  },
  "system_monitoring": {
    "unified_monitoring_dashboard": {
      "description": "Comprehensive system monitoring across all layers",
      "monitoring_aspects": [
        "Layer-specific performance metrics",
        "AI system health and behavior",
        "Security status and threat detection",
        "User interaction patterns and satisfaction"
      ],
      "visualization_tools": [
        "HelixLab for AI system visualization",
        "Guardian Audit for security monitoring",
        "System performance dashboards",
        "User experience analytics"
      ]
    }
  },
  "deployment_specifications": {
    "system_requirements": {
      "minimum_hardware": {
        "cpu": "Ternary logic capable processor or emulation layer",
        "memory": "4GB RAM minimum, 8GB recommended",
        "storage": "50GB available space for base system",
        "network": "Internet connection for AI model updates"
      },
      "recommended_hardware": {
        "cpu": "Native ternary processing unit",
        "memory": "16GB RAM for optimal AI performance",
        "storage": "SSD with 100GB+ for enhanced performance",
        "ai_acceleration": "Dedicated AI processing hardware"
      }
    },
    "installation_process": {
      "boot_sequence": "DARK layer initialization with ternary kernel",
      "layer_activation": "Sequential layer activation (DARK \u2192 HALO \u2192 DOM0 \u2192 HAVEN \u2192 XSPELL)",
      "ai_initialization": "AI system training and personalization",
      "user_onboarding": "New user setup and system configuration"
    }
  }
}