{
  "metadata": {
    "created": "2025-07-11T11:25:53.791760",
    "version": "1.0",
    "description": "AGI-OS Ternary Logic Directory Structure Specification",
    "technical_foundation": "Based on ternary computing three-state logic principles"
  },
  "ternary_logic_principles": {
    "states": {
      "0": "False/Negative/Inactive",
      "1": "True/Positive/Active",
      "2": "Unknown/Neutral/Suspended"
    },
    "advantages": [
      "More compact data representation than binary",
      "Reduced interconnect wiring between components",
      "More efficient MOSFET designs possible",
      "Enhanced computational density"
    ],
    "sorting_algorithm": "ternary_radix_sort"
  },
  "directory_naming_conventions": {
    "layer_prefixes": {
      "DARK": "/sys/dark/",
      "HALO": "/sys/halo/",
      "DOM0": "/usr/dom0/",
      "HAVEN": "/var/haven/",
      "XSPELL": "/bin/xspell/"
    },
    "ternary_sorting_rules": [
      "Directories sorted by ternary weight (0, 1, 2 states)",
      "System directories (state 0) - core functionality",
      "Active directories (state 1) - running processes",
      "Suspended directories (state 2) - cached/dormant"
    ],
    "symbolic_indicators": {
      "@": "AI-managed directory",
      "#": "System-critical directory",
      "~": "User-personalized directory",
      "*": "Symbolic logic directory"
    }
  },
  "hierarchy_structure": {
    "root_filesystem": {
      "/": {
        "description": "Root filesystem with ternary organization",
        "ternary_state": 1,
        "subdirectories": {
          "sys/": {
            "description": "System layer directories (DARK/HALO)",
            "ternary_state": 0,
            "critical": true,
            "subdirs": [
              "dark/",
              "halo/",
              "kernel/",
              "boot/"
            ]
          },
          "usr/": {
            "description": "User applications and DOM(0) layer",
            "ternary_state": 1,
            "subdirs": [
              "dom0/",
              "apps/",
              "agents/",
              "local/"
            ]
          },
          "var/": {
            "description": "Variable data and HAVEN memory layer",
            "ternary_state": 2,
            "subdirs": [
              "haven/",
              "memory/",
              "cache/",
              "log/"
            ]
          },
          "bin/": {
            "description": "Executable binaries and XSPELL terminal",
            "ternary_state": 1,
            "subdirs": [
              "xspell/",
              "core/",
              "utils/",
              "symbolic/"
            ]
          },
          "etc/": {
            "description": "Configuration files with ternary logic",
            "ternary_state": 0,
            "subdirs": [
              "ternary/",
              "symbolic/",
              "ai/",
              "security/"
            ]
          }
        }
      }
    }
  },
  "ternary_file_organization": {
    "sorting_priority": [
      "System files (state 0) - highest priority",
      "Active files (state 1) - medium priority",
      "Cached files (state 2) - lowest priority"
    ],
    "directory_weights": {
      "critical_system": 0,
      "active_user": 1,
      "suspended_cache": 2
    },
    "symbolic_logic_integration": {
      "guard_files": "Security and validation logic",
      "sigil_files": "Symbolic markers and identifiers",
      "spell_files": "Executable symbolic scripts",
      "meta_files": "Metadata and system information"
    }
  },
  "implementation_specifications": {
    "filesystem_type": "ternary_symbolic_fs",
    "indexing_algorithm": "ternary_btree",
    "caching_strategy": "three_state_lru",
    "compression": "ternary_huffman_encoding"
  }
}