{
  "metadata": {
    "created": "2025-07-11T11:30:20.412142",
    "version": "1.0",
    "description": "XSPELL Universal Terminal System Specification",
    "technical_foundation": "Based on natural language command interface research and multi-shell compatibility"
  },
  "system_overview": {
    "name": "XSPELL - eXtended Symbolic Processing Enhanced Language Layer",
    "description": "Universal natural language terminal with multi-shell compatibility and AI integration",
    "layer": "XSPELL (Layer 4)",
    "technical_basis": "Natural language terminal research, LLM integration, and multi-shell parsing"
  },
  "core_capabilities": {
    "natural_language_processing": {
      "description": "Advanced natural language command interpretation and execution",
      "technical_implementation": "LLM-integrated terminal with context-aware processing",
      "features": [
        "Conversational command interface",
        "Context-aware command interpretation",
        "Natural language to system command translation",
        "Multi-turn conversation support",
        "Intent recognition and disambiguation"
      ],
      "supported_languages": [
        "English (primary)",
        "Spanish",
        "French",
        "German",
        "Chinese",
        "Japanese",
        "Extensible language support through AI models"
      ],
      "ai_integration": {
        "llm_engine": "Large Language Model for command interpretation",
        "context_memory": "Conversation history and context preservation",
        "learning_system": "Adaptive command understanding improvement"
      }
    },
    "multi_shell_compatibility": {
      "description": "Universal compatibility with multiple shell environments",
      "technical_basis": "Multi-shell command parsing and translation research",
      "supported_shells": {
        "cmd": {
          "name": "Windows Command Prompt",
          "compatibility": "Full CMD command set support",
          "features": [
            "Batch file execution",
            "Windows system commands",
            "Registry operations"
          ]
        },
        "powershell": {
          "name": "Windows PowerShell",
          "compatibility": "PowerShell cmdlets and scripting",
          "features": [
            "Object-oriented commands",
            ".NET integration",
            "Advanced scripting"
          ]
        },
        "bash": {
          "name": "Bash Shell",
          "compatibility": "GNU Bash command set",
          "features": [
            "Shell scripting",
            "Unix utilities",
            "Process management"
          ]
        },
        "zsh": {
          "name": "Z Shell",
          "compatibility": "Zsh extended features",
          "features": [
            "Advanced completion",
            "Themes and plugins",
            "Extended globbing"
          ]
        }
      },
      "command_translation": {
        "description": "Automatic command translation between shell environments",
        "capabilities": [
          "Cross-platform command equivalence",
          "Syntax adaptation for target shell",
          "Parameter and option translation",
          "Error handling and compatibility warnings"
        ]
      }
    },
    "package_management": {
      "description": "Universal package management across different systems",
      "supported_formats": {
        ".deb": {
          "description": "Debian package format",
          "systems": [
            "Debian",
            "Ubuntu",
            "Linux Mint"
          ],
          "commands": [
            "apt",
            "dpkg",
            "apt-get"
          ]
        },
        ".exe": {
          "description": "Windows executable format",
          "systems": [
            "Windows"
          ],
          "features": [
            "Installation wizards",
            "Registry integration",
            "System service installation"
          ]
        },
        ".apk": {
          "description": "Android package format",
          "systems": [
            "Android",
            "Android-based systems"
          ],
          "features": [
            "App installation",
            "Permission management",
            "Update handling"
          ]
        }
      },
      "unified_interface": "Single command interface for all package types"
    }
  },
  "symbolic_script_processing": {
    "spell_scripts": {
      "description": "Native .spell script format for symbolic command execution",
      "file_extension": ".spell",
      "technical_basis": "Symbolic computing and natural language scripting research",
      "script_structure": {
        "header": {
          "metadata": "Script information and requirements",
          "version": "XSPELL script version compatibility",
          "permissions": "Required system permissions and access levels"
        },
        "natural_language_section": {
          "description": "Human-readable script description and intent",
          "purpose": "Clear documentation of script functionality",
          "examples": "Usage examples and expected outcomes"
        },
        "symbolic_logic_section": {
          "description": "Ternary logic execution instructions",
          "format": "Three-state logic operations and conditions",
          "integration": "Cross-layer system integration commands"
        },
        "execution_context": {
          "environment": "Required system environment and dependencies",
          "safety_checks": "Pre-execution validation and safety measures",
          "rollback": "Error handling and rollback procedures"
        }
      },
      "execution_engine": {
        "interpreter": "XSPELL symbolic script interpreter",
        "validation": "Guardian protocol validation before execution",
        "sandboxing": "Secure execution environment with controlled access"
      }
    }
  },
  "emotion_spectrogram": {
    "description": "Command tone and emotional context analysis",
    "technical_basis": "Natural language sentiment analysis and emotion recognition research",
    "analysis_components": {
      "tone_detection": {
        "description": "Identification of command tone and urgency",
        "categories": [
          "Urgent/Critical",
          "Normal/Standard",
          "Casual/Informal",
          "Frustrated/Impatient",
          "Curious/Exploratory",
          "Confident/Assertive"
        ],
        "ternary_mapping": {
          "0": "Negative/Frustrated tone",
          "1": "Neutral/Standard tone",
          "2": "Positive/Enthusiastic tone"
        }
      },
      "context_analysis": {
        "description": "Understanding of command context and intent",
        "factors": [
          "User expertise level assessment",
          "Task complexity evaluation",
          "Historical interaction patterns",
          "Current system state consideration"
        ]
      },
      "response_adaptation": {
        "description": "Adaptive response based on detected emotion and context",
        "adaptations": [
          "Explanation detail level adjustment",
          "Response tone matching",
          "Error message sensitivity",
          "Help and guidance provision"
        ]
      }
    },
    "visualization": {
      "spectrogram_display": "Real-time emotion and tone visualization",
      "history_tracking": "Emotional context history for learning",
      "user_feedback": "User confirmation of emotion detection accuracy"
    }
  },
  "nsfw_toggle": {
    "description": "Content filtering and safety mode toggle",
    "technical_implementation": "Guardian protocol integration for content validation",
    "modes": {
      "safe_mode": {
        "description": "Full content filtering enabled",
        "restrictions": [
          "Adult content blocking",
          "Potentially harmful command filtering",
          "Sensitive information protection",
          "Child-safe interaction mode"
        ]
      },
      "standard_mode": {
        "description": "Balanced content filtering",
        "features": [
          "Context-aware content filtering",
          "User confirmation for sensitive operations",
          "Educational content allowance",
          "Professional use optimization"
        ]
      },
      "unrestricted_mode": {
        "description": "Minimal content filtering for advanced users",
        "requirements": [
          "User age verification",
          "Explicit consent acknowledgment",
          "Enhanced security monitoring",
          "Audit trail maintenance"
        ]
      }
    },
    "dynamic_adjustment": "Real-time mode switching based on context and user preferences"
  },
  "neural_swarm_execution": {
    "description": "Distributed AI processing backend for complex command execution",
    "technical_basis": "Distributed AI processing and swarm intelligence research",
    "architecture": {
      "swarm_coordination": {
        "description": "Coordinated AI agent execution for complex tasks",
        "capabilities": [
          "Parallel task decomposition and execution",
          "Load balancing across available AI resources",
          "Fault tolerance and error recovery",
          "Dynamic resource allocation optimization"
        ]
      },
      "neural_processing": {
        "description": "Distributed neural network processing",
        "features": [
          "Multi-node neural network execution",
          "Real-time model adaptation and learning",
          "Specialized processing for different command types",
          "Performance optimization through distributed computing"
        ]
      },
      "execution_monitoring": {
        "description": "Real-time monitoring and control of swarm execution",
        "monitoring_aspects": [
          "Resource utilization tracking",
          "Performance metrics collection",
          "Error detection and handling",
          "Security compliance verification"
        ]
      }
    }
  },
  "technical_specifications": {
    "performance_requirements": {
      "response_time": "< 2 seconds for standard commands",
      "throughput": "100+ concurrent command sessions",
      "memory_usage": "Adaptive memory allocation based on command complexity",
      "cpu_utilization": "Optimized for ternary processing architecture"
    },
    "security_features": {
      "command_validation": "Guardian protocol validation for all commands",
      "access_control": "Layer-based permission system",
      "audit_logging": "Comprehensive command execution logging",
      "sandboxing": "Isolated execution environment for untrusted commands"
    },
    "integration_apis": {
      "layer_communication": "Cross-layer command execution and data exchange",
      "application_integration": "Direct integration with AGI-OS applications",
      "external_systems": "API interfaces for external system integration",
      "plugin_architecture": "Extensible plugin system for custom functionality"
    }
  },
  "file_specifications": {
    "xspell_core.exe": "Main XSPELL terminal executable",
    "nlp_engine.ai": "Natural language processing engine",
    "shell_translator.multi": "Multi-shell command translation system",
    "emotion_analyzer.ai": "Emotion and tone analysis engine",
    "swarm_coordinator.neural": "Neural swarm execution coordinator",
    "spell_interpreter.symbolic": "Symbolic script interpreter"
  }
}